:020000040800F2
:10400000881D00209D41000855600008995F000848
:1040100051600008594E0008297200080000000095
:10402000000000000000000000000000AD65000876
:104030002154000800000000B1620008C1410008DE
:10404000B7410008B7410008B7410008B741000870
:10405000B7410008B7410008B7410008B741000860
:10406000B7410008B7410008B7410008B741000850
:10407000B7410008B7410008B7410008B741000840
:10408000B7410008B7410008B7410008B741000830
:10409000B7410008B7410008B7410008B741000820
:1040A000B741000849700008B7410008B74100084F
:1040B000B7410008B7410008B7410008B741000800
:1040C000B7410008B7410008B7410008B7410008F0
:1040D000B7410008AD700008B7410008B7410008BB
:1040E000B7410008B7410008B7410008B7410008D0
:1040F000B7410008B7410008B7410008B7410008C0
:10410000B7410008B7410008B7410008B7410008AF
:10411000B7410008B7410008B7410008B74100089F
:10412000B7410008B7410008B7410008B74100088F
:10413000B7410008B7410008B7410008B74100087F
:10414000000000000000000000000000000000006F
:10415000B7410008B7410008B7410008B74100085F
:10416000B7410008B7410008B7410008B74100084F
:10417000B7410008B7410008B7410008B74100083F
:10418000B7410008DFF810D000F06AFB00F06AF8D1
:1041900000480047D9C50008881D00200648804710
:1041A00006480047FEE7FEE7FEE7FEE7FEE7FEE71C
:1041B000FEE7FEE7FEE7FEE7656E000885410008C2
:1041C00030B410B50348804730BCAE4630BC02481E
:1041D00000477047F5CD0008BD6D00082DE9F0419E
:1041E0000024061B254671F1000605DA012400278C
:1041F000D0EB070067EB0101161E73F1000605DA2C
:104200000027D2EB0702012567EB030300F032FA27
:1042100086460E4617469C46AC4204D00025D0EB9D
:10422000050E65EB010624B10020D2EB000760EB20
:10423000030C704631463A466346BDE8F081D2B27F
:1042400001E000F8012B491EFBD270470022F6E77F
:1042500010B513460A4604461946FFF7F0FF2046FC
:1042600010BD00007CB50748009007480190054646
:10427000009C04E02046016808448047241DAC42AD
:10428000F8D17CBDF4F40008F8F400082DE9FE4FE5
:10429000804681EA0300C00F0C46009021F00041E7
:1042A00023F00045B8EB0200A94105D24046214663
:1042B00090461C460B46024623F00040104347D070
:1042C000270DC7F30A00C3F30A510290401A019068
:1042D00040286BDAC3F3130040F4801B0098924629
:1042E00020B10023D2EB030A63EB0B0B0198594674
:1042F000C0F14002504600F0EEF906460D46504629
:104300005946019A00F006FA10EB080061410024BA
:1043100087EA115284EAE7731A4340D0009A62B3E5
:10432000019A012A4FEA075215DC001B61EB0201DA
:104330004FF0004202EA0752CDE90042001C41F56D
:10434000801132462B4600F03DFA03B0BDE8F08FF5
:1043500040462146F9E7001B61EB0201001C41F5D4
:10436000801300185B412018A2F5001747EB0301EA
:1043700040EAD570B6196D4111E06D084FEA360676
:1043800045EAC0754FEA0752001B61EB0201001CB1
:1043900041F5801149084FEA300000195141324679
:1043A0002B4603B0BDE8F04F00F0FDB900980122A4
:1043B00040000023D0EB020263EBE073009821463B
:1043C0004FEAE074B8EB000061EB0401E9E783F029
:1043D00000435BE781F0004158E72DE9FE4F81EA99
:1043E000030404F0004421F0004100944FF0000B5E
:1043F00023F0004350EA01045ED052EA03045BD08C
:10440000C3F30A54C1F30A552C44A4F2F3340194C3
:10441000A0FB0254C1F3130141F48011C3F3130351
:1044200043F4801301FB024400FB034E840A970A05
:1044300044EA815447EA8357A4FB076802958D0A32
:1044400005FB07854FEA932C04FB0C542705029DBE
:104450004FEA065847EA1637B5EB08056EEB070C2E
:10446000870E920E47EA811742EA8312A7FB0201E8
:10447000B6EB0B0164EB00042B0D43EA0C335E1822
:1044800044EB1C50DA465146E7FB0201C5F3130426
:104490004FEA0B3343EA14534FEA0432019C43EAD8
:1044A0000603A4F10C040294009CCDE900B400F0D2
:1044B00089F903B0BDE8F08F00200146F9E72DE946
:1044C000F04D81EA030404F0004B21F0004514464E
:1044D0004FF0000A23F0004150EA050220D054EAD0
:1044E00001021DD0C5F30A570246C5F31303C1F3F9
:1044F0001300C1F30A5640F4801543F48013A7EB70
:104500000608101BD64608F2FD3873EB050002D3EF
:1045100008F1010801E092185B41B8F1000F03DADD
:1045200000200146BDE8F08D00204FF480110646C2
:1045300084460EE0171B73EB050705D3121B63EBD4
:10454000050306434CEA010C49084FEA3000921873
:104550005B4150EA0107EDD152EA030012D082EA32
:10456000040083EA0501084305D0101BAB4106D2C5
:104570000122002306E000224FF0004302E06FF02A
:10458000010253101AEB06004CEB085110EB0A0025
:1045900041EB0B01BDE8F04D00F005B90EB5C10FC0
:1045A00080EAE0700844CA07002140F233438DE8F6
:1045B0000E000A460B4600F005F903B000BD0EB52B
:1045C00040F2334102910021CDE900110A460B4629
:1045D00000F0F8F803B000BD70B5C1F30A5201F065
:1045E00000450024C1F3130140F2FF3341F4801170
:1045F0009A4201DA002070BD40F233439A42A2F29F
:10460000334203DC524200F075F800E090402C4346
:10461000F1D0404270BD00F0004230F000400AD0BE
:10462000C10D01F56071C0F3160042EA0151C208E4
:1046300040071143704700200146704701F00043D6
:1046400030B421F0004150EA010206D00A0DA2F573
:104650006072C1F31301002A02DC30BC00207047F5
:10466000440F44EAC104C100E01830BC00EBC25062
:1046700000F062B82DE9F05F0546002092469B46A7
:1046800088460646814640241BE028464146474668
:10469000224600F02FF853465A46C01A914110D3D3
:1046A00011461846224600F016F82D1A67EB01084D
:1046B0004F4622460120002100F00DF817EB0009BB
:1046C0004E41201EA4F10104DFDC484631462A4653
:1046D0004346BDE8F09F202A04DB203A00FA02F1AD
:1046E000002070479140C2F1200320FA03F31943E0
:1046F00090407047202A04DB203A21FA02F0002182
:10470000704721FA02F3D040C2F1200291400843E1
:1047100019467047202A06DBCB17203A41FA02F0EF
:1047200043EAE07306E041FA02F3D040C2F120020E
:1047300091400843194670470029A8BF7047401CA4
:10474000490008BF20F00100704710B4B0FA80FCA7
:1047500000FA0CF050EA010404BF10BC704749B1E4
:10476000CCF1200421FA04F411FA0CF118BF012154
:1047700021430843A3EB0C01CB1D4FEA00614FEA34
:10478000102042BF002010BC704700EBC350104403
:104790000029A4BF10BC7047401C490008BF20F08E
:1047A000010010BC704710B5141E73F1000408DA44
:1047B000401C41F1000192185B411A4301D120F0E5
:1047C000010010BD2DE9F04D92469B4611B1B1FAA2
:1047D00081F202E0B0FA80F220329046FFF77BFFD0
:1047E00004460F4640EA0A0041EA0B0153465A4686
:1047F000084313D0114653EA010019D0C8F1400212
:104800005046FFF777FF05460E465046594642464A
:10481000FFF761FF084305D0012004E02046394638
:10482000BDE8F08D0020054346EAE0762C4337438F
:104830000A986305E40AA0EB08000022FD0A44EA96
:1048400047540A3002D500200146E9E70105101956
:104850006941DDE9084500196941BDE8F04DA2E76D
:104860001CB509480090094801900546009C06E0E7
:10487000E06840F0010394E8070098471034AC4228
:10488000F6D3FFF783FC0000D4F40008F4F400082A
:1048900070B58C1810F8015B15F0070301D110F802
:1048A000013B2A1106D110F8012B03E010F8016B2F
:1048B00001F8016B5B1EF9D12B0705D40023521EB2
:1048C0000DD401F8013BFAE710F8013BCB1A921C1A
:1048D00003E013F8015B01F8015B521EF9D5A14218
:1048E000D8D3002070BD000080B584B0FFE741F24E
:1048F0000401C4F20101086820F0030008600868A0
:104900000860FFE741F20000C4F2010000904FF49C
:104910000071019107F0CEF90120029004F0FCFE35
:104920000098019907F0D0F9029804F0F5FE0020F4
:104930008DF80F00FFE79DF80F00312815DCFFE729
:1049400041F20000C4F201004FF4807107F07AFADE
:1049500008B9FFE709E0052004F0DEFEFFE79DF857
:104960000F0001308DF80F00E5E741F20000C4F2BE
:1049700001004FF4007107F09DF9012004F0CCFE16
:10498000FFE741F20401C4F20101086820F00300CE
:104990000860086840F003000860FFE704B080BDCD
:1049A00080B582B0ADF8060000208DF80500FFE765
:1049B0009DF8050003282DDCFFE7BDF806009DF8F3
:1049C000051006F0ABFB8DF804009DF8041040F2D2
:1049D0003010C2F20000405C8DF804009DF8050024
:1049E00038B9FFE79DF8040040F002008DF804009C
:1049F000FFE79DF80510082000EB41009DF804102A
:104A0000C0B200F053FDFFE79DF8050001308DF8BE
:104A10000500CDE702B080BD80B584B0ADF80E00D2
:104A200000208DF80D008DF80C008DF80B00BDF8FE
:104A30000E1045F62940C0F28F20A1FB00218DF811
:104A40000D10BDF80E20A2FB0010642100FB112008
:104A500049F69A11C1F69911A0FB01208DF80C00BE
:104A6000BDF80E00A0FB012101EB8101A0EB41008C
:104A70008DF80B009DF80D1040F23010C2F20000CE
:104A80000190405C40F00201222000F00FFD0198EF
:104A90009DF80C10415C242000F008FD01989DF861
:104AA0000B10415C262000F001FD04B080BD000029
:104AB00080B582B0ADF8060000208DF80500FFE754
:104AC0009DF80500022846DCFFE7BDF806009DF8CA
:104AD000051006F023FB8DF804009DF8041040F249
:104AE0003010C2F20000405C8DF804009DF8050013
:104AF00068B9FFE7BDF80600632807DCFFE79DF80B
:104B0000040040F002008DF80400FFE712E09DF879
:104B1000050001280DD1FFE7BDF80600642807DB7A
:104B2000FFE79DF8040040F002008DF80400FFE765
:104B3000FFE7FFE79DF805101C2000EB41009DF802
:104B40000410C0B200F0B2FCFFE79DF80500013090
:104B50008DF80500B4E702B080BD000080B584B0D8
:104B6000ADF80E0000208DF80D008DF80C008DF8CA
:104B70000B00BDF80E1045F62940C0F28F20A1FBB6
:104B800000218DF80D10BDF80E20A2FB001064214D
:104B900000FB112049F69A11C1F69911A0FB0120E2
:104BA0008DF80C00BDF80E00A0FB012101EB810186
:104BB000A0EB41008DF80B009DF80D1040F2301075
:104BC000C2F200000190405C40F00201162000F0AB
:104BD0006DFC01989DF80C10415C182000F066FCFB
:104BE00001989DF80B10415C1A2000F05FFC04B0A6
:104BF00080BD000080B582B0ADF8060000208DF8C1
:104C00000500FFE79DF80500022846DCFFE7BDF838
:104C100006009DF8051006F081FA8DF804009DF855
:104C2000041040F23010C2F20000405C8DF8040025
:104C30009DF8050068B9FFE7BDF80600632807DCAA
:104C4000FFE79DF8040040F002008DF80400FFE744
:104C500012E09DF8050001280DD1FFE7BDF8060020
:104C6000642807DBFFE79DF8040040F002008DF8A0
:104C70000400FFE7FFE7FFE79DF80510102000EBB9
:104C800041009DF80410C0B200F010FCFFE79DF851
:104C9000050001308DF80500B4E702B080BD0000CA
:104CA00080B582B0ADF8060000208DF80500FFE762
:104CB0009DF8050003282CDCFFE7BDF806009DF8F1
:104CC000051006F02BFA8DF804009DF8041040F250
:104CD0003010C2F20000405C8DF804009DF8050021
:104CE000012807D1FFE79DF8040040F002008DF88D
:104CF0000400FFE79DF8050040009DF80410C0B2D5
:104D000000F0D4FBFFE79DF8050001308DF80500A9
:104D1000CEE702B080BD000080B582B041F6B4009D
:104D2000C2F20000019040F22A31C2F200014FF4B9
:104D30008062009208F01EF9009A0198103040F24B
:104D40002A71C2F2000108F015F9019943F600003A
:104D5000C4F20100086202B080BD000080B582B0DC
:104D60000190019800790146009140B1FFE7009859
:104D7000012826D0FFE70098022851D06AE0019868
:104D8000C06880470198407950B9FFE70199012038
:104D9000087140F2E021C2F200010220087059E0DF
:104DA0000198407901280AD1FFE701990120087193
:104DB00040F2E021C2F200010F2008704AE0FFE754
:104DC00048E001988068804740F2E021C2F200018B
:104DD000087801380870000608BBFFE70199022037
:104DE00008710198407948B9FFE7019902200871DC
:104DF00040F2E021C2F2000108702BE001984079F6
:104E000001280AD1FFE701990220087140F2E02150
:104E1000C2F200010F2008701CE0FFE7FFE719E075
:104E20000198C068804740F2E021C2F20001087892
:104E300001380870000660B9FFE701990020087189
:104E4000019A0221517140F2E021C2F20001087082
:104E500000E0FFE702B080BDFFE7FEE780B582B06B
:104E600041F29470C2F2000090F890000146019166
:104E700040B1FFE70198012805D0FFE7019802281B
:104E800004D006E006E000F007F803E007F096FD26
:104E900000E0FFE702B080BD80B541F20000C4F23F
:104EA0000100802106F0CEFF012819D1FFE740F272
:104EB000E120C2F20000017801310170007806287B
:104EC0000DDBFFE740F2E121C2F200010020087093
:104ED00041F29471C2F2000181F89000FFE72AE0EC
:104EE00040F2E121C2F200010020087041F294700A
:104EF000C2F2000090F88600A0B1FFE741F2947082
:104F0000C2F20000022180F8901090F8860002287A
:104F100007D1FFE740F21001C2F20001FA20086059
:104F2000FFE707E041F29471C2F20001012081F82D
:104F30009000FFE7FFE780BD80B582B040F6843087
:104F4000C2F2000000780146019148B1FFE70198E4
:104F500001283FD0FFE70198032800F09D80B9E0C9
:104F600041F20000C4F20100802106F06BFF01460F
:104F700040F2E420C2F2000001700078B8B9FFE707
:104F800040F68431C2F200010120087041F6401061
:104F9000C2F20000006841F66801C2F20001086038
:104FA00041F28411C2F200010020087011E041F2C8
:104FB0009470C2F2000090F87600C00740B9FFE795
:104FC00041F29471C2F20001002081F89000FFE7E5
:104FD000FFE798E041F64010C2F20000006841F699
:104FE0006801C2F200010968401A142853D3FFE790
:104FF00005F0A6FE014640F2E220C2F20000018068
:10500000008841F29471C2F20001898E32398842DF
:105010002FDBFFE741F64010C2F20000006841F6C6
:105020006801C2F20001086041F29470C2F200000F
:1050300090F88600A0B1FFE741F29470C2F2000040
:10504000022180F8901090F88600022807D1FFE72F
:1050500040F21001C2F20001FA200860FFE707E009
:1050600041F29471C2F20001012081F89000FFE743
:1050700010E040F68431C2F200010320087041F6CE
:105080004010C2F20000006841F66801C2F200015F
:105090000860FFE7FFE736E041F64010C2F200008B
:1050A000006841F66801C2F200010968401A44F63E
:1050B000206188420DD3FFE740F68431C2F200013F
:1050C0000020087041F29471C2F2000181F8900052
:1050D000FFE718E040F68431C2F2000100200870BA
:1050E00041F64011C2F20001096841F66802C2F2BD
:1050F0000002116041F29471C2F2000181F8900047
:1051000081F87600FFE702B080BD000080B586B070
:1051100041F29470C2F2000090F86900C00778B3C1
:10512000FFE741F29470C2F2000090F88E0001286F
:1051300015D1FFE741F29470C2F20000012180F81E
:10514000951090F88F0048B9FFE740F60040C4F290
:1051500001004FF4007106F0B7FDFFE70FE041F2E8
:105160009471C2F20001002081F8950040F60040E1
:10517000C4F201004FF4007106F09CFDFFE707E068
:1051800041F29471C2F20001002081F89500FFE71E
:1051900040F2E820C2F20000007820BBFFE740F2B6
:1051A000E821C2F2000101200490087041F29471DC
:1051B000C2F20001002081F88F0040F60040C4F2E6
:1051C00001004FF4805106F07FFD049940F6000085
:1051D000C4F20100059006F077FD05984FF40061D8
:1051E00006F068FDF9E041F29470C2F2000090F818
:1051F0009500002840F0A580FFE740F60040C4F28B
:105200000100042106F01EFE00284ED1FFE740F207
:10521000E520C2F2000001780131017040F2E6227F
:10522000C2F2000200211170007806283CDBFFE783
:1052300040F2E521C2F200010020087041F29470B2
:10524000C2F20000012180F8931090F8931090F8BA
:105250009400884227D0FFE741F29471C2F2000126
:105260000120029081F89400002081F88E0081F8DE
:105270008F0040F60040C4F201004FF4805106F068
:1052800023FD029940F60000C4F20100039006F0ED
:105290001BFD4FF4FA7004F0F5F903984FF4006128
:1052A00006F012FDFFE7FFE74AE040F2E620C2F217
:1052B000000001780131017040F2E522C2F20002E3
:1052C000002111700078062839DBFFE740F2E62064
:1052D000C2F200000021017041F29470C2F200009D
:1052E00080F8931090F8931090F89400884225D09D
:1052F000FFE741F29471C2F20001002081F89400AE
:1053000081F88F0081F88E0040F60040C4F2010061
:105310004FF4805106F0D8FC40F60000C4F20100C2
:105320000190012106F0D0FC4FF47A7004F0AAF944
:1053300001984FF4006106F0BDFCFFE7FFE7FFE7CF
:105340004AE041F29470C2F2000090F89500012802
:1053500041D1FFE741F29470C2F20000808ED0B3D9
:10536000FFE741F29470C2F20000008900282ADCB5
:10537000FFE740F2E720C2F200000178013101703E
:10538000007815281EDBFFE740F2E721C2F200019A
:105390000020087041F29471C2F2000181F88F0080
:1053A00081F88E0040F60040C4F201004FF48051B5
:1053B00006F08AFC40F60000C4F20100012106F06C
:1053C00083FCFFE706E040F2E721C2F20001002083
:1053D0000870FFE7FFE7FFE7FFE706B080BD0000CA
:1053E00085B004908DED030ACDED020A8DED011A12
:1053F000CDED001A0398049908600298049948605A
:1054000001980499886004990020886104990862D1
:1054100000980499486300980499086305B07047A0
:105420007047000080B582B040F23010C2F2000038
:105430000190007C40F00201082000F037F801984C
:10544000007940F002010A2000F030F8019800785D
:1054500040F002010C2000F029F8019841780E205C
:1054600000F024F802B080BD80B582B040F2301068
:10547000C2F200000190407940F00201002000F0EB
:1054800015F80198407840F00201022000F00EF873
:105490000198007840F00201042000F007F801981C
:1054A0008178062000F002F802B080BD80B582B09D
:1054B0008DF807008DF806109DF806008DF80500A0
:1054C0009DF806008DF804009DF8050000F0F0003E
:1054D0008DF805009DF8040000018DF804009DF88A
:1054E00007009DF805109DF8042001F08DFD02B025
:1054F00080BD000080B586B004908DF80F100020AC
:105500008DF80E000498408E4FF6FE71884205DC3F
:10551000FFE70499488E01304886FFE79DF90F00A8
:10552000033001460291062834D80299DFE801F0E1
:105530002B32143204322400049800F0F5F8049958
:1055400081F83400049890F834100120012908BF34
:1055500009208DF80E001EE0049800F0E5F804998B
:1055600081F83400049890F834100220012908BF13
:105570000A208DF80E000EE003208DF80E0004982E
:1055800000F0FCF807E004208DF80E00049800F00D
:10559000F5F800E0FFE7049890F82700B0FA80F0F3
:1055A00040098DF80D00049890F82D10002001900E
:1055B00049B9FFE7049890F827000138B0FA80F065
:1055C00040090190FFE7019800F001008DF80C0000
:1055D000049991F8270081F82D00049890F8300084
:1055E00068B1FFE79DF80C0020B1FFE7049800F0D8
:1055F000C5F8FFE79DF80E008DF817008FE00498BE
:10560000408D012816DBFFE70499488D0138488555
:105610000498408D68B9FFE7049890F82C000128A1
:1056200007D1FFE705208DF80E00049800F0A6F8DA
:10563000FFE7FFE79DF80D0000283FD0FFE7049942
:10564000088D013008850499088D098B884219D18D
:10565000FFE70498408D01280EDBFFE7049890F8DF
:105660002C00012808D1FFE706208DF80E000499D0
:10567000012081F8300004E00499012081F82C0019
:10568000FFE7FFE70499088D498B884215DBFFE7A8
:105690000499C88D0130C8850498C28DC18BB2FBB6
:1056A000F1F000FB112038B9FFE704990020C8850C
:1056B00008208DF80E00FFE7FFE72BE09DF80C00B7
:1056C00038B3FFE70499088D098B88421DDBFFE79B
:1056D0000499088D498B88420FDAFFE7049890F807
:1056E0002C00012808D1FFE70498408D20B9FFE77E
:1056F0000499888B4885FFE706E007208DF80E00A7
:10570000049800F03BF8FFE7FFE7049900200885C4
:10571000FFE7FFE79DF80E008DF81700FFE79DF803
:10572000170006B080BD000082B000900099488E3E
:10573000098C884207DAFFE700990020488601209B
:105740008DF8070005E00099002048868DF80700D5
:10575000FFE79DF8070002B07047000080B582B0F7
:105760000190ADF802100198BDF8021006F06AFB36
:105770000138B0FA80F0400902B080BD81B00090DD
:1057800000990020088500994885009981F82C002F
:105790000099C885009981F8300001B07047000079
:1057A00080B582B0019000208DF80300019908684F
:1057B0008988FFF7D3FF40F2E921C2F200010870A7
:1057C000019988688989FFF7C9FF40F2EA21C2F28E
:1057D0000001087001990869898AFFF7BFFF014637
:1057E00040F2EB20C2F2000001700178019A82F8C9
:1057F00027100078019981F826000198807DA8BBC8
:10580000FFE740F2E920C2F200000078019991F828
:105810002410884229D0FFE740F2E920C2F20000BC
:10582000007888B9FFE740F2EA20C2F20000007871
:10583000012804D1FFE701208DF8030003E0FF20D9
:105840008DF80300FFE7FFE740F2E920C2F2000015
:105850000078019981F8240040F2EA20C2F20000A9
:105860000078019981F82500FFE7CBE040F2E920BC
:10587000C2F200000078019991F82410884200F0EB
:10588000C080FFE740F2E920C2F200000078012862
:1058900053D1FFE7019890F8250001280BD1FFE7CD
:1058A00040F2EA20C2F20000007820B9FFE70120B0
:1058B0008DF8030040E0019890F8250060B9FFE7FB
:1058C00040F2EA20C2F200000078012804D1FFE78C
:1058D000FF208DF803002EE0019890F8250040F29B
:1058E000EA21C2F20001097888420BD1FFE740F2B9
:1058F000EA20C2F20000007820B9FFE701208DF80D
:10590000030017E0019890F8250040F2EA21C2F266
:105910000001097888420CD1FFE740F2EA20C2F288
:1059200000000078012804D1FFE7FF208DF8030074
:10593000FFE7FFE7FFE7FFE752E0019890F8250057
:1059400001280BD1FFE740F2EA20C2F20000007804
:1059500020B9FFE7FF208DF8030040E0019890F8A0
:10596000250060B9FFE740F2EA20C2F200000078AB
:10597000012804D1FFE701208DF803002EE00198F3
:1059800090F8250040F2EA21C2F20001097888422D
:105990000BD1FFE740F2EA20C2F20000007820B904
:1059A000FFE7FF208DF8030017E0019890F825002D
:1059B00040F2EA21C2F20001097888420CD1FFE7E7
:1059C00040F2EA20C2F200000078012804D1FFE78B
:1059D00001208DF80300FFE7FFE7FFE7FFE7FFE7A0
:1059E00040F2E920C2F200000078019981F8240019
:1059F00040F2EA20C2F200000078019981F8250007
:105A0000FFE7FFE740F2EB20C2F200000078E8B9C0
:105A1000FFE79DF9030020B9FFE702208DF803009E
:105A200013E09DF90300012804D1FFE703208DF85E
:105A3000030009E09DF90300013020B9FFE7FD20D4
:105A40008DF80300FFE7FFE7FFE7FFE79DF903009D
:105A500002B080BD80B586B041F2C000C2F2000045
:105A600080690390FFE700F007FA04900498039917
:105A700088422CD2FFE7EFF3108005900598029042
:105A800072B641F2C000C2F2000080690190019834
:105A9000039988420ED1FFE7049841F2C001C2F297
:105AA00000018861086901300861BFF35F8F012040
:105AB000009002E000200090FFE7029810B9FFE795
:105AC00062B6FFE7009808B9FFE701E00CE0FFE7E6
:105AD000049A41F2C000C2F20000183003A901F09C
:105AE000D1FE0028BFD0FFE7049806B080BD0000BB
:105AF00080B58CB00A900991089207930720059011
:105B0000FFE70598002863D0FFE700F03BFA049018
:105B1000049800F03F0140F64040C2F2000000EB64
:105B20000110069004994FF4700000EA8130019052
:105B30000A9801990843099A4FF0805101EAD2016D
:105B40000843089A4FF0005101EA92010843079A6E
:105B50004FF0804101EA5201084340F00060039099
:105B600006980C30039900F02DFA03909DF80F0071
:105B70004007002827D5FFE7039880F000400390F6
:105B8000039800F000400290099820F0004002992C
:105B9000084306990860089820F0004002990843DD
:105BA00006994860079820F000400299084306993A
:105BB000886006980C30039901F00AFB00F0F8F9B0
:105BC00001200B9009E0FFE705980138059098E760
:105BD00000F0E4F900200B90FFE70B980CB080BDBB
:105BE00087B00590049103920498FE2804D8FFE73B
:105BF0000398FF2803D3FFE70020069036E000203B
:105C000002900190FFE7019803282CD8FFE7059840
:105C10000199C840C007F0B1FFE704980090FFE782
:105C200000980399884215D8FFE7009901F0070210
:105C3000012000FA02F3029800EBD10241F2400188
:105C4000C2F20001885C18438854FFE700980130D5
:105C50000090E5E7FFE7029820300290FFE7019807
:105C600001300190CFE701200690FFE7069807B0CA
:105C70007047000080B58AB00990089141F2C001D8
:105C8000C2F2000101910020087041F24000C2F20E
:105C900000008021FEF7DAFA4FF27C40C0F60000E7
:105CA000182102F053FC01460198ADF81A10006A61
:105CB00042F26B71CEF2A51188420FD0FFE741F29C
:105CC000C001C2F2000142F26B70CEF2A510086270
:105CD000BDF81A0048800120C8611CE041F2C000F4
:105CE000C2F200004088BDF81A1088420AD0FFE7CF
:105CF000BDF81A0041F2C001C2F200014880012043
:105D0000C86107E041F2C001C2F20001C869013078
:105D1000C861FFE7FFE741F2C000C2F20000C069BE
:105D2000012812D1FFE741F2C001C2F200010020B8
:105D3000487048608860C86040F64040C2F2000089
:105D40004FF48061FEF782FA20E000200290FFE726
:105D500002983F2819D8FFE7029940F64040C2F266
:105D6000000000EB011007900798C07B4007002857
:105D700006D5FFE70799C86820F04060C860FFE7D4
:105D8000FFE7029801300290E2E7FFE741F2C0002E
:105D9000C2F20000C069012817D1FFE700F074F8D3
:105DA0000490049820B1FFE700F06AF8059002E043
:105DB00000200590FFE7059841F2C001C2F2000102
:105DC000486100208861086103E000F05DF80490FC
:105DD000FFE7049838B3FFE709980021FE220092FC
:105DE000FFF7FEFE0F20EF221146FFF7F9FE009AA3
:105DF00004201146FFF7F4FEFFF72CFE03900399F1
:105E000041F2C000C2F200004369C2694FF600705F
:105E1000C0F20030FFF76CFE089818B1FFE700F001
:105E200005F8FFE7FFE704980AB080BD80B584B0AD
:105E300041F2C000C2F20000007818B1FFE7012073
:105E4000039015E041F2C001C2F20001012001906F
:105E50000870FFF7FFFD029002994FF60170C0F243
:105E6000003000231A46FFF743FE01980390FFE736
:105E7000039804B080BD000080B505F0BBFE80BD76
:105E800080B506F075FF80BD0120704780B540F2F7
:105E9000EC20C2F200000078C00780B9FFE740F2B2
:105EA000EC21C2F200010120087040F60000C4F2AB
:105EB0000000022140F6BF0207F0D2FAFFE740F2ED
:105EC0000000C2F20000016801390160006800288A
:105ED00057DCFFE740F20001C2F2000140F6B830A3
:105EE00008600A21084604F0C7FE014641F294709A
:105EF000C2F20000A0F85810B0F85800B0F5147FB6
:105F00000ADAFFE740F60000C4F20000022140F682
:105F1000BF0207F0A5FA33E041F29470C2F200002C
:105F2000B0F85800B0F5407F0ADAFFE740F600000D
:105F3000C4F20000022140F61F5207F091FA1EE061
:105F400041F29470C2F20000B0F85800B0F5547FEE
:105F50000ADAFFE740F60000C4F20000022141F235
:105F60007F1207F07DFA09E040F60000C4F200005D
:105F7000022141F2DF5207F073FAFFE7FFE7FFE784
:105F8000FFE780BD80B541F2C000C2F200000430DE
:105F900001F0A8FC80BD0000FFE7FEE780B541F2FC
:105FA000C000C2F200000C3001F09CFC80BD00007B
:105FB00080B541F2C000C2F20000083001F092FC4E
:105FC00080BD000089B00790069107980068059091
:105FD000FFE79DF817004007002803D5FFE70020E2
:105FE000089032E00698059901F00041084340F01E
:105FF00080600490FFE7079B049803900599DDF803
:106000000CC053E8000F084503D143E800C2002A42
:10601000F7D10090401AB0FA80F04009BFF35F8FCB
:106020000146019118B9FFE700980590FFE7019834
:1060300000F001008DF80B009DF80B00C007002850
:10604000C7D0FFE704980890FFE7089809B07047A9
:10605000FFE7FEE77047000088B0079006910592C1
:10606000079800F0070004900498C0F10700052885
:1060700003D3FFE70420019004E00498C0F1070077
:106080000190FFE70198039004980430062803D894
:10609000FFE70020009003E0049803380090FFE73A
:1060A0000098029006980399012202FA01F1013941
:1060B0000840029B984005999A40013A11400843D4
:1060C00008B0704788B0079006910592079800F0D5
:1060D000070004900498C0F10700052803D3FFE7E8
:1060E0000420019004E00498C0F107000190FFE74C
:1060F0000198039004980430062803D8FFE7002095
:10610000009003E0049803380090FFE700980290A5
:1061100006980399012202FA01F101390840029B15
:10612000984005999A40013A1140084308B07047D9
:1061300080B541F29470C2F2000090F88E00012800
:1061400003D1FFE700F0B6F8FFE780BD81B0009013
:106150000099002081F86B00009981F86C0000998B
:1061600081F86E00009981F86D00009981F86F0048
:10617000009981F87000009981F87C00009981F8FD
:106180007200009981F87100009981F876000099F9
:1061900081F87700009981F878000099A1F87A00D9
:1061A0000099C1F88000009A41F288319187009AE5
:1061B000A2F84410009AA2F84C10009AA2F85410C9
:1061C000009A4FF4E1711187009AA2F84010009AEA
:1061D000A2F84810009AA2F85010009A022182F802
:1061E0008810009A82F88910009A82F88A10009A22
:1061F00082F88B10009A4FF4FA711186009A42F2DD
:106200000F715186009B4FF47A729A86009AD1865C
:10621000009A9081009A1081009AD181009A518150
:106220000099886100990861009988620099086264
:10623000009A43F60041C4F21C61D161009A516199
:10624000009AD162009A51620099A1F85800009911
:1062500008660099C86500994866009981F88C0025
:10626000009981F88D00009981F88E00009981F8DD
:106270009000009AFF2182F89110009A82F886001F
:10628000009A82F88710009981F89200009981F8AD
:106290009300009981F89500009981F89600009983
:1062A00081F89800009981F8990001B070470000CA
:1062B0007047000080B582B041F29470C2F20000D5
:1062C0000021C16590F87800C00700283ED0FFE7A4
:1062D00041F29470C2F2000090F89000012835D18C
:1062E000FFE740F6E630C2F200000188013101808C
:1062F0000088962829DBFFE740F6E630C2F200006E
:106300000021018041F29470C2F2000080F8781000
:1063100040F6F832C2F200021160808E1E280CDBBB
:10632000FFE741F29471C2F200010191888E8989E0
:1063300001F09EFB0199086606E041F29471C2F2F9
:10634000000100200866FFE7FFE706E041F29471D4
:10635000C2F2000100200866FFE741F29473C2F226
:106360000003188E998EDA6D1B6E02F0A9FF02B041
:1063700080BD000080B540F20400C2F20000017848
:10638000013901700078002800F38880FFE740F2AF
:106390000401C2F200016420087041F29470C2F25C
:1063A0000000016A40F2F422C2F2000211600169A9
:1063B00040F2FC22C2F200021160816A40F2F02237
:1063C000C2F200021160816940F2F820C2F20000BE
:1063D000016090ED000AB5EE400AF1EE10FA07DA1E
:1063E000FFE740F2F821C2F2000100200860FFE759
:1063F00040F2FC20C2F2000090ED000AB5EE400A27
:10640000F1EE10FA07DAFFE740F2FC21C2F20001D8
:1064100000200860FFE740F2F020C2F2000090ED9B
:10642000000AB5EE400AF1EE10FA07DAFFE740F293
:10643000F021C2F2000100200860FFE740F2F420E2
:10644000C2F2000090ED000AB5EE400AF1EE10FA3B
:1064500007DAFFE740F2F421C2F2000100200860F1
:10646000FFE740F2F820C2F2000090ED000A40F28F
:10647000FC20C2F20000D0ED000A07F0D3FF40F28A
:10648000F020C2F2000090ED000A40F2F420C2F2C7
:106490000000D0ED000A07F0A1FCFFE780BD00007E
:1064A00080B582B001900198411C002007F09AFE4F
:1064B000019981F80101019890F80101162872D123
:1064C000FFE701984078D12808D1FFE70198807D47
:1064D000F02803D1FFE7012020B95FE00120002868
:1064E0005CD1FFE70199481C01F5017101221023DD
:1064F00001F0BAFF019800F50170042102F068F87C
:10650000009002F087F80198807C9DF80310884283
:1065100043D1FFE70198C07C9DF8021088423CD12E
:10652000FFE70198007D9DF80110884235D1FFE713
:106530000198407D9DF8001088422ED1FFE7019818
:106540008078012810D1FFE70198C07801280BD18D
:10655000FFE70198407938B9FFE741F28C71C2F248
:1065600000010020087017E001988078022810D1FF
:10657000FFE70198C07801280BD1FFE70198407927
:1065800038B9FFE741F28C71C2F2000101200870B6
:1065900001E000BFFFE7FFE7FFE7FFE70199002009
:1065A00081F80101FFE702B080BD000070470000E4
:1065B00080B584B0ADF80E0000208DF80B0041F2DC
:1065C0009470C2F2000090F86C00002800F0B881CE
:1065D000FFE741F29470C2F2000090F86C000138BD
:1065E00001460191032800F2A9810199DFE811F029
:1065F00004006E00D6003E0141F29470C2F2000029
:1066000090F8700000F00100012809D0FFE741F286
:106610009470C2F2000090F87400C007B8B3FFE7AE
:1066200000208DF80D00FFE79DF80D0003282DDCFC
:10663000FFE7BDF80E009DF80D1004F06FFD8DF81A
:106640000C009DF80C1040F23010C2F20000405CCB
:106650008DF80C009DF80D0038B9FFE79DF80C008F
:1066600040F002008DF80C00FFE79DF80D100820A7
:1066700000EB41009DF80C10C0B2FEF717FFFFE7DA
:106680009DF80D0001308DF80D00CDE71DE041F2C1
:106690009470C2F2000090F87000C007A0B9FFE744
:1066A00041F29470C2F2000090F87400C00758B92B
:1066B000FFE700208DF80C009DF80C0040F002016F
:1066C0000820FEF7F3FEFFE7FFE738E141F29470A0
:1066D000C2F2000090F8700000F00100012809D01B
:1066E000FFE741F29470C2F2000090F87400C00716
:1066F000B8B3FFE700208DF80D00FFE79DF80D000F
:1067000003282DDCFFE7BDF80E009DF80D1004F006
:1067100005FD8DF80C009DF80C1040F23010C2F20F
:106720000000405C8DF80C009DF80D0038B9FFE7C3
:106730009DF80C0040F002008DF80C00FFE79DF87A
:106740000D10082000EB41009DF80C10C0B2FEF7C0
:10675000ADFEFFE79DF80D0001308DF80D00CDE78F
:106760001BE041F29470C2F2000090F87000C00784
:1067700090B9FFE741F29470C2F2000090F8740003
:10678000C00748B9FFE700208DF80C009DF80C10F9
:106790000A20FEF78BFEFFE7FFE7D0E041F294709E
:1067A000C2F2000090F8700000F00100012809D04A
:1067B000FFE741F29470C2F2000090F87400C00745
:1067C000B8B3FFE700208DF80D00FFE79DF80D003E
:1067D00003282DDCFFE7BDF80E009DF80D1004F036
:1067E0009DFC8DF80C009DF80C1040F23010C2F2A8
:1067F0000000405C8DF80C009DF80D0038B9FFE7F3
:106800009DF80C0040F002008DF80C00FFE79DF8A9
:106810000D10082000EB41009DF80C10C0B2FEF7EF
:1068200045FEFFE79DF80D0001308DF80D00CDE726
:106830001BE041F29470C2F2000090F87000C007B3
:1068400090B9FFE741F29470C2F2000090F8740032
:10685000C00748B9FFE700208DF80C009DF80C1028
:106860000C20FEF723FEFFE7FFE768E041F294709B
:10687000C2F2000090F8700000F00100012809D079
:10688000FFE741F29470C2F2000090F87400C00774
:10689000B8B3FFE700208DF80D00FFE79DF80D006D
:1068A00003282DDCFFE7BDF80E009DF80D1004F065
:1068B00035FC8DF80C009DF80C1040F23010C2F23F
:1068C0000000405C8DF80C009DF80D0038B9FFE722
:1068D0009DF80C0040F002008DF80C00FFE79DF8D9
:1068E0000D10082000EB41009DF80C10C0B2FEF71F
:1068F000DDFDFFE79DF80D0001308DF80D00CDE7BF
:106900001BE041F29470C2F2000090F87000C007E2
:1069100090B9FFE741F29470C2F2000090F8740061
:10692000C00748B9FFE700208DF80C009DF80C1057
:106930000E20FEF7BBFDFFE7FFE700E0FFE73BE0CF
:1069400040F20031C2F20001002008708DF80D0005
:10695000FFE79DF80D0003282DDCFFE7BDF80E00D2
:106960009DF80D1004F0DAFB8DF80C009DF80C106A
:1069700040F23010C2F20000405C8DF80C009DF82F
:106980000D0038B9FFE79DF80C0040F002008DF8CB
:106990000C00FFE79DF80D10082000EB41009DF86A
:1069A0000C10C0B2FEF782FDFFE79DF80D0001302C
:1069B0008DF80D00CDE7FFE704B080BD80B584B051
:1069C000ADF80E0000208DF80A0041F29470C2F27A
:1069D000000090F86B00002800F0B281FFE741F260
:1069E0009470C2F2000090F86B00013801460191EA
:1069F000032800F2A3810199DFE811F00400690087
:106A0000D200390141F29470C2F2000090F86F0098
:106A100000F00100012809D0FFE741F29470C2F2B2
:106A2000000090F87300C007B0B3FFE700208DF8B6
:106A30000C00FFE79DF80C0003282CDCFFE7BDF8F5
:106A40000E009DF80C1004F069FB8DF80B009DF80A
:106A50000B1040F23010C2F20000405C8DF80B00C9
:106A60009DF80C00012807D1FFE79DF80B0040F0CE
:106A700002008DF80B00FFE79DF80C0040009DF828
:106A80000B10C0B2FEF712FDFFE79DF80C000130BD
:106A90008DF80C00CEE7FFE741F29470C2F20000DF
:106AA00090F86F00C00788B9FFE741F29470C2F216
:106AB000000090F87300C00740B9FFE700208DF890
:106AC0000B009DF80B10FEF7F1FCFFE737E141F2F8
:106AD0009470C2F2000090F86F0000F001000128ED
:106AE00009D0FFE741F29470C2F2000090F8730001
:106AF000C007B0B3FFE700208DF80C00FFE79DF85A
:106B00000C0003282CDCFFE7BDF80E009DF80C10EC
:106B100004F004FB8DF80B009DF80B1040F23010D0
:106B2000C2F20000405C8DF80B009DF80C000128BB
:106B300007D1FFE79DF80B0040F002008DF80B0035
:106B4000FFE79DF80C0040009DF80B10C0B2FEF767
:106B5000ADFCFFE79DF80C0001308DF80C00CEE78E
:106B60001DE041F29470C2F2000090F86F00C0077F
:106B7000A0B9FFE741F29470C2F2000090F87300F0
:106B8000C00758B9FFE700208DF80B009DF80B00F7
:106B900040F002010220FEF789FCFFE7FFE7CEE0AC
:106BA00041F29470C2F2000090F86F0000F0010012
:106BB000012809D0FFE741F29470C2F2000090F87A
:106BC0007300C007B0B3FFE700208DF80C00FFE7AB
:106BD0009DF80C0003282CDCFFE7BDF80E009DF8A3
:106BE0000C1004F09BFA8DF80B009DF80B1040F28E
:106BF0003010C2F20000405C8DF80B009DF80C00D4
:106C0000012807D1FFE79DF80B0040F002008DF846
:106C10000B00FFE79DF80C0040009DF80B10C0B280
:106C2000FEF744FCFFE79DF80C0001308DF80C00E6
:106C3000CEE71BE041F29470C2F2000090F86F00C2
:106C4000C00790B9FFE741F29470C2F2000090F8DB
:106C50007300C00748B9FFE700208DF80B009DF8CE
:106C60000B100420FEF722FCFFE7FFE767E041F28C
:106C70009470C2F2000090F86F0000F0010001284B
:106C800009D0FFE741F29470C2F2000090F873005F
:106C9000C007B0B3FFE700208DF80C00FFE79DF8B8
:106CA0000C0003282CDCFFE7BDF80E009DF80C104B
:106CB00004F034FA8DF80B009DF80B1040F2301000
:106CC000C2F20000405C8DF80B009DF80C0001281A
:106CD00007D1FFE79DF80B0040F002008DF80B0094
:106CE000FFE79DF80C0040009DF80B10C0B2FEF7C6
:106CF000DDFBFFE79DF80C0001308DF80C00CEE7BE
:106D00001BE041F29470C2F2000090F86F00C007DF
:106D100090B9FFE741F29470C2F2000090F873005E
:106D2000C00748B9FFE700208DF80B009DF80B1055
:106D30000620FEF7BBFBFFE7FFE700E0FFE73AE0D6
:106D400040F20131C2F20001002008708DF80D0000
:106D5000FFE79DF80D0003282CDCFFE7BDF80E00CF
:106D60009DF80D1004F0DAF98DF80B009DF80B106A
:106D700040F23010C2F20000405C8DF80B009DF82C
:106D80000D00012807D1FFE79DF80B0040F002003D
:106D90008DF80B00FFE79DF80D0040009DF80B10EB
:106DA000C0B2FEF783FBFFE79DF80D0001308DF8C0
:106DB0000D00CEE7FFE704B080BD000080B582B0D3
:106DC00002F062FE41F29470C2F2000090F86B0093
:106DD00088B9FFE741F29470C2F2000090F86C00AD
:106DE00048B9FFE741F29470C2F2000090F87600D3
:106DF000C00780B3FFE740F20600C2F2000001883E
:106E0000013901800088002824DCFFE740F20601F8
:106E1000C2F200016420088041F29471C2F20001C4
:106E2000019191F86F20012020EA020281F86F2081
:106E300091F8702020EA020281F8702091F8752004
:106E400020EA020281F8752091F87C20904381F8B5
:106E50007C00FFE7FFE700F08BF908F0ABF902B028
:106E600080BD00004EF68851CEF20001086840F463
:106E70007000086041F20001C4F20201086840F0AD
:106E800001000860FFE741F20000C4F20200006860
:106E9000C0F34000012801D0FFE7F4E741F204010C
:106EA000C4F20201086820F003000860FFE741F225
:106EB0000400C4F2020000688008800708B1FFE700
:106EC000F5E741F20001C4F2020108684FF6FF72D3
:106ED000CFF6F2621040086041F20401C4F20201F0
:106EE0000020086041F23001C4F20201086041F262
:106EF0000801C4F202014FF41F0008604EF6085169
:106F0000CEF200014FF000600860704780B582B09B
:106F1000002000908DF8070006F042FAE42006F009
:106F2000A5F9802006F0A2F9A02006F09FF99A208A
:106F300006F09CF9812006F099F9832006F096F975
:106F4000BF2006F093F9882006F090F906F04EFA7B
:106F50000A2002F097FB009A30231046114600F0F9
:106F600003F802B080BD000080B584B08DF80F003A
:106F70008DF80E108DF80D208DF80C30002001904A
:106F80008DF80B0006F00CFAE42006F06FF99DF87E
:106F90000F0006F06BF901988DF80B00FFE79DF8E4
:106FA0000B009DF80C1088420FDAFFE79DF80E00E9
:106FB00006F05CF99DF80D0006F058F9FFE79DF822
:106FC0000B0001308DF80B00E9E706F00FFA04B072
:106FD00080BD000080B582B08DF807008DF80610E6
:106FE00006F0DEF9E42006F041F99DF8070006F00E
:106FF0003DF99DF8060006F089F9FDF775FC06F0ED
:10700000F5F902B080BD000080B582B08DF80700B0
:107010008DF806108DF8052006F0C2F9E42006F080
:1070200025F99DF8070006F021F99DF8060006F005
:107030006DF99DF8050006F069F9FDF755FC06F0BD
:10704000D5F902B080BD000080B542F60040C4F220
:107050000100012106F088FA38B3FFE742F600404C
:10706000C4F20100012106F057FA41F64011C2F2C4
:10707000000108680130086041F63C10C2F20000CF
:10708000016801310160006864280DD3FFE741F613
:107090002410C2F200000068804741F63C11C2F2A1
:1070A000000100200860FFE7FFE780BD80B582B0E7
:1070B00043F60C00C4F2010000684009C007F0B1BB
:1070C000FFE743F60000C4F20100202106F050FF64
:1070D000A0B1FFE743F60000C4F2010006F00EFF86
:1070E000C1B241F6B400C2F20000009005F0ACFF5E
:1070F00000990420087301204873FFE7FFE743F677
:107100000C00C4F2010000688009C00768B3FFE703
:1071100043F60000C4F20100402106F029FF18B335
:10712000FFE743F60000C4F20100402106F00CFF27
:1071300041F6B400C2F2000010300DF1070105F075
:107140005FFF48B9FFE79DF8071043F60000C4F25F
:10715000010006F0DBFE06E041F6B401C2F20001D8
:1071600000204877FFE7FFE7FFE702B080BD00009F
:1071700041F6B400C2F20000407B012817D1FFE7BE
:1071800041F6B400C2F20000007B40B1FFE741F6D7
:10719000B401C2F20001087B0138087306E041F631
:1071A000B401C2F2000102204873FFE7FFE741F695
:1071B000B400C2F20000007F40B1FFE741F6B40125
:1071C000C2F20001087F01380877FFE7704700002E
:1071D00089B008900791079820F080600690089881
:1071E00001900699059105990291BFF35F8F0068A0
:1071F0000390FFE70399019BDDF808C053E8000FF7
:10720000084503D143E800C2002AF7D10090411A93
:10721000B1FA81F1490901290390EBD1FFE7009808
:10722000049009B070470000FFE7FEE781B08DF8D9
:1072300003009DF9030000280ED4FFE79DF9031019
:1072400001F01F02012090404A094EF20011CEF2D7
:10725000000141F82200FFE701B070474EF60C50E4
:10726000CEF200000068C0F3022070474EF60C50CA
:10727000CEF200000068C0F30220704782B08DF8A3
:10728000070000919DF9070000280AD4FFE7009845
:1072900000019DF907104EF20042CEF20002885420
:1072A0000BE0009800019DF8071001F00F014EF669
:1072B0001452CEF200028854FFE702B0704700007B
:1072C00082B08DF8070000919DF9070000280AD4CC
:1072D000FFE7009800019DF907104EF20042CEF240
:1072E000000288540BE0009800019DF8071001F09F
:1072F0000F014EF61452CEF200028854FFE702B09E
:107300007047000083B00290029800F007000090E0
:107310004EF60C51CEF200010868019001984FF62C
:10732000FF02104001900198009A40EA02200022DA
:10733000C0F2FA52104301900198086003B0704700
:10734000BFF34F8F4EF60C51CEF20001086800F4E7
:10735000E0600422C0F2FA5210430860BFF34F8F7E
:10736000FFE700BFFDE7000080B5012004F012FE3A
:1073700080BD00007047000082B00190009100982D
:1073800002780199486802F0010220F4807040EA16
:1073900002204860009842780199886802F0010252
:1073A00020F0020040EA420088600098827801994B
:1073B000886802F0010220F4006040EAC220886080
:1073C0000098C078421E0199C86A02F00F0220F4AA
:1073D000700040EA0250C86202B0704781B000906D
:1073E00000990020087000994870009988700099F1
:1073F0000120C87001B0704781B000900099886882
:1074000040F00800886001B07047000082B0009032
:1074100000988068C008C00720B1FFE701208DF800
:10742000070003E000208DF80700FFE79DF8070044
:1074300002B0704781B000900099886840F0040065
:10744000886001B07047000082B0009000988068AA
:107450008008C00720B1FFE701208DF8070003E096
:1074600000208DF80700FFE79DF8070002B0704785
:1074700081B08DF803009DF8032042F20441C4F26C
:107480000101086802F00F0220F4702040EA024077
:10749000086001B07047000082B001908DF80310C1
:1074A0009DF803200199886802F0010220F48070A1
:1074B00040EA0220886002B07047000082B001906C
:1074C0008DF803109DF803200199886862F300008D
:1074D000886002B07047000082B001908DF8031000
:1074E00000208DF80200019800689DF80310084202
:1074F00004D1FFE700208DF8020003E001208DF8A1
:107500000200FFE79DF8020002B0704783B00290CE
:107510008DF807108DF806208DF805309DF80700CE
:1075200009281CDCFFE70298006900909DF807001D
:1075300000EB4001072000FA01F100988843009019
:107540009DF805009DF8071001EB410100FA01F1DB
:107550000098084300900098029908611EE0029884
:10756000C06800909DF8070000EB4000A0F11E01EC
:10757000072000FA01F10098884300909DF805006B
:107580009DF8071001EB41011E3900FA01F1009846
:107590000843009000980299C860FFE79DF8060034
:1075A0000D281FDBFFE70298C06A00909DF80600D7
:1075B00000EB8000A0F141011F2000FA01F10098CA
:1075C000884300909DF807009DF8061001EB8101AB
:1075D000413900FA01F1009808430090009802999F
:1075E000C86242E09DF8060007281FDBFFE702980B
:1075F000006B00909DF8060000EB8000A0F12301D5
:107600001F2000FA01F10098884300909DF80700C0
:107610009DF8061001EB8101233900FA01F1009871
:10762000084300900098029908631DE00298406B9F
:1076300000909DF8060000EB8000411F1F2000FA1B
:1076400001F10098884300909DF807009DF806100E
:1076500001EB8101053900FA01F10098084300901F
:10766000009802994863FFE7FFE703B07047000006
:1076700081B000900098C06C80B201B070470000EB
:1076800082B001908DF803108DF802209DF8030060
:10769000082811DBFFE70199886840F000708860D6
:1076A0009DF8030000F007020199886820F460202B
:1076B00040EA4240886010E00199886820F000703C
:1076C00088609DF8030000F007020199886820F4A3
:1076D000602040EA42408860FFE79DF8022001995F
:1076E000886802F0010220F4801040EA02508860AD
:1076F00002B0704782B001908DF803109DF803200E
:107700000199486802F0010220F4006040EAC220BA
:10771000486002B07047000082B001908DF80310FD
:107720009DF803200199886802F0010220F480008E
:1077300040EA8250886002B07047000084B0039035
:107740008DF80B1041F27070ADF808000120ADF813
:10775000060041F29470C2F20000808E00909DF805
:107760000B00C007B0B1FFE70399009808440090F0
:107770000098BDF8081088420BD9FFE7BDF8080053
:10778000009041F29471C2F2000142F20F70C8867B
:10779000FFE718E00098BDF80610039A11448842EC
:1077A0000BD8FFE7BDF80600009041F29471C2F2D9
:1077B000000142F20F70C88604E003990098401A55
:1077C0000090FFE7FFE7009841F29471C2F20001D8
:1077D000888604B07047000084B003908DF80B10C9
:1077E00041F29470C2F2000090F8681001F00102BA
:1077F00040F6B831012A08BF4FF45271ADF80810B5
:107800000121ADF80610008E00909DF80B00C00716
:10781000B0B1FFE703990098084400900098BDF8C4
:10782000081088420BD9FFE7BDF80800009041F22C
:107830009471C2F2000142F20F704886FFE718E02F
:107840000098BDF80610039A114488420BD8FFE750
:10785000BDF80600009041F29471C2F2000142F2BC
:107860000F70488604E003990098401A0090FFE7E3
:10787000FFE7009841F29471C2F20001088604B05B
:107880007047000088B0079006910592079B069804
:107890000090059904910168DDF810C0BFF35F8F77
:1078A00053E8000F084503D143E800C2002AF7D18E
:1078B0000190401AB0FA80F04009BFF35F8F014693
:1078C000029120B9FFE7019800990860FFE702984C
:1078D00000F001008DF80F009DF80F0000F001008E
:1078E00008B0704787B00690069801900121059175
:1078F0000599029100680390FFE70399019B0298A4
:1079000001EB000C53E8000F084503D143E800C227
:10791000002AF7D10090411AB1FA81F149090129F1
:107920000390EAD1FFE700980490049807B07047ED
:1079300080B541F29470C2F2000090F88D0038B921
:10794000FFE740F22010C2F20000FDF707FA10E056
:1079500041F29470C2F2000090F88D00012807D126
:10796000FFE740F22010C2F20000C0688047FFE746
:10797000FFE741F29470C2F2000090F87600C00771
:1079800080B3FFE740F22930C2F2000001780131F4
:1079900001700078102824DBFFE740F22931C2F2A1
:1079A00000010020087040F22830C2F20000007888
:1079B00005280EDCFFE740F22831C2F2000108780A
:1079C0000130087040F22011C2F20001012048711C
:1079D00006E040F22011C2F2000102204871FFE7E8
:1079E000FFE70BE040F22931C2F2000100200870ED
:1079F00040F22831C2F200010870FFE741F29470B2
:107A0000C2F2000090F89800C0B1FFE740F20C000D
:107A1000C2F20000017801390170007868B9FFE70F
:107A200040F20C01C2F200012820087040F220113F
:107A3000C2F2000101204871FFE7FFE780BD0000AE
:107A400080B540F60000C4F201004FF4805104F00C
:107A500031F980BD80B540F60000C4F201004FF45A
:107A6000805104F031F980BD80B5FFF761FF80BD22
:107A700082B0ADF80600ADF80410BDF80600BDF800
:107A80000410401A0090009802B0704741F29470C0
:107A9000C2F20000008E40F6B831884208DCFFE7F1
:107AA00041F29470C2F20000008E002808DCFFE76B
:107AB00041F29471C2F200014FF4FA700886FFE7B8
:107AC00041F29470C2F20000808E41F270718842DF
:107AD00008DCFFE741F29470C2F20000808E0028BB
:107AE00008DCFFE741F29471C2F200014FF47A70B2
:107AF0008886FFE741F29470C2F20000008F40F6E2
:107B0000B831884208DCFFE741F29470C2F200000D
:107B1000008F002808DCFFE741F29471C2F20001F7
:107B20004FF4C8700887FFE741F29470C2F200007A
:107B3000808F41F27071884208DCFFE741F2947057
:107B4000C2F20000808F002808DCFFE741F2947148
:107B5000C2F200014FF47A708887FFE741F2947017
:107B6000C2F2000090F88800D0B1FFE741F29470B3
:107B7000C2F2000090F88800022811D0FFE741F21D
:107B80009470C2F2000090F88800012808D0FFE746
:107B900041F29471C2F20001022081F88800FFE7EF
:107BA00041F29470C2F20000B0F8400040F6B831E3
:107BB000884209DCFFE741F29470C2F20000B0F89D
:107BC0004000002809DCFFE741F29471C2F2000195
:107BD0004FF4C870A1F84000FFE741F29470C2F280
:107BE0000000B0F8440041F27071884209DCFFE700
:107BF00041F29470C2F20000B0F84400002809DCA1
:107C0000FFE741F29471C2F200014FF47A70A1F8DB
:107C10004400FFE741F29470C2F2000090F889003E
:107C2000D0B1FFE741F29470C2F2000090F88900F1
:107C3000022811D0FFE741F29470C2F2000090F8E0
:107C40008900012808D0FFE741F29471C2F20001D7
:107C5000022081F88900FFE741F29470C2F200002F
:107C6000B0F8480040F6B831884209DCFFE741F23D
:107C70009470C2F20000B0F84800002809DCFFE769
:107C800041F29471C2F200014FF4C870A1F84800AB
:107C9000FFE741F29470C2F20000B0F84C0041F2EC
:107CA0007071884209DCFFE741F29470C2F2000073
:107CB000B0F84C00002809DCFFE741F29471C2F2F1
:107CC00000014FF47A70A1F84C00FFE741F2947084
:107CD000C2F2000090F88A00D0B1FFE741F2947040
:107CE000C2F2000090F88A00022811D0FFE741F2AA
:107CF0009470C2F2000090F88A00012808D0FFE7D3
:107D000041F29471C2F20001022081F88A00FFE77B
:107D100041F29470C2F20000B0F8500040F6B83161
:107D2000884209DCFFE741F29470C2F20000B0F82B
:107D30005000002809DCFFE741F29471C2F2000113
:107D40004FF4C870A1F85000FFE741F29470C2F2FE
:107D50000000B0F8540041F27071884209DCFFE77E
:107D600041F29470C2F20000B0F85400002809DC1F
:107D7000FFE741F29471C2F200014FF47A70A1F86A
:107D80005400FFE741F29470C2F2000090F88B00BB
:107D9000D0B1FFE741F29470C2F2000090F88B007E
:107DA000022811D0FFE741F29470C2F2000090F86F
:107DB0008B00012808D0FFE741F29471C2F2000164
:107DC000022081F88B00FFE741F29470C2F20000BC
:107DD00090F88600D0B1FFE741F29470C2F2000043
:107DE00090F88600022811D0FFE741F29470C2F2A9
:107DF000000090F88600012808D0FFE741F2947156
:107E0000C2F20001002081F88600FFE741F2947081
:107E1000C2F2000090F86800C00798B1FFE741F295
:107E20009470C2F2000090F8680000F00100012890
:107E300008D0FFE741F29471C2F20001002081F8FE
:107E40006800FFE741F29470C2F2000090F8690008
:107E5000C00798B1FFE741F29470C2F2000090F8B9
:107E6000690000F00100012808D0FFE741F2947199
:107E7000C2F20001002081F86900FFE741F294702E
:107E8000C2F2000090F88C0088B1FFE741F29470D4
:107E9000C2F2000090F88C00012808D0FFE741F200
:107EA0009471C2F20001002081F88C00FFE741F2DA
:107EB0009470C2F2000090F88D00012810D0FFE706
:107EC00041F29470C2F2000090F88D0040B1FFE7DB
:107ED00041F29471C2F20001002081F88D00FFE7A9
:107EE0007047000080B541F29470C2F2000090F833
:107EF0008E0001280CD1FFE741F29470C2F200001D
:107F000090F8900018B9FFE7FDF716F8FFE711E0C9
:107F100041F29470C2F2000090F87600C00740B9B8
:107F2000FFE741F29471C2F20001002081F8900055
:107F3000FFE7FFE780BD000080B584B004F008FFD4
:107F40000391029004F0FAFF98B1FFE704F000FFFC
:107F50000391029004F012FF019008460199029BE0
:107F6000039AC9185041013140F100000291039079
:107F7000FFE70298039904B080BD000080B586B089
:107F8000002005908DF81300FFE79DF813000F28DF
:107F900012DCFFE79DF8131040F20830C2F2000037
:107FA00030F81110059808440590FFE79DF813007C
:107FB00001308DF81300E8E70598C0080390039995
:107FC00040F2C010C2F2000004F060FC029002987F
:107FD00041F2707141434120C0F20800A1FB002032
:107FE000091A00EB5100000B01900198022804D3FC
:107FF000FFE701980230019002E000200190FFE7C6
:10800000019841F27171884204D3FFE741F2707028
:108010000190FFE7BDF8040006B080BD80B582B0D6
:1080200000F0A6F941F29471C2F2000101910881B9
:10803000FFF7A4FF0199888100F006F802B080BD27
:1080400080B5FFF7EBFF80BD80B584B040F62C30E3
:10805000C2F200000168013901600068002800F3E5
:108060007681FFE740F62C31C2F2000164200860FF
:108070000F200A2102F000FEFCF790FA41EC100BF1
:1080800051EC100B9FEDB40B53EC102BFCF717FACF
:1080900041EC100B51EC100BFCF7D0FA014640F606
:1080A0003430C2F20000016090ED000AB5EE400AE3
:1080B000F1EE10FA19DBFFE740F63430C2F20000AF
:1080C0000068FCF7A8FA41EC100B9FEDA71B53ECDE
:1080D000112B51EC100BFCF7D9F841EC100B51ECC3
:1080E000100BFCF779FA039018E040F63430C2F236
:1080F00000000068FCF78FFA41EC100B9FED981B15
:1081000053EC112B51EC100BFCF7C0F841EC100BA9
:1081100051EC100BFCF760FA0390FFE7039800EEB8
:10812000100AB8EEC00A41F29470C2F2000080ED6D
:10813000080A40F20820C2F2000004F053FB07389E
:1081400000EE100AB8EE400A40F63030C2F20000ED
:1081500080ED000A90ED000AB5EE400AF1EE10FA4B
:1081600019DBFFE740F63030C2F200000068FCF790
:1081700052FA41EC100B9FED7C1B53EC112B51EC90
:10818000100BFCF783F841EC100B51EC100BFCF7D3
:1081900023FA029018E040F63030C2F20000006886
:1081A000FCF739FA41EC100B9FED6D1B53EC112BD2
:1081B00051EC100BFCF76AF841EC100B51EC100B72
:1081C000FCF70AFA0290FFE7029800EE100AB8EEF8
:1081D000C00A41F29470C2F2000080ED0A0A40F237
:1081E0005020C2F2000004F0FDFA013800EE100A3F
:1081F000B8EE400A40F63830C2F2000080ED000AC6
:1082000090ED000AB5EE400AF1EE10FA19DBFFE737
:1082100040F63830C2F200000068FCF7FCF941EC8F
:10822000100B9FED511B53EC112B51EC100BFCF775
:108230002DF841EC100B51EC100BFCF7CDF901902F
:1082400018E040F63830C2F200000068FCF7E3F9AD
:1082500041EC100B9FED421B53EC112B51EC100B1A
:10826000FCF714F841EC100B51EC100BFCF7B4F9CF
:108270000190FFE7019800EE100AB8EEC00A41F243
:108280009470C2F2000080ED060A09200A2102F073
:10829000F3FCFCF783F941EC100B51EC100B9FED54
:1082A0002E0B53EC102BFCF70AF941EC100B51ECA0
:1082B000100BFCF7C3F9014640F63C30C2F2000057
:1082C000016090ED000AB5EE400AF1EE10FA19DBFC
:1082D000FFE740F63C30C2F200000068FCF79BF973
:1082E00041EC100B9FED201B53EC112B51EC100BAC
:1082F000FBF7CCFF41EC100B51EC100BFCF76CF9C9
:10830000009018E040F63C30C2F200000068FCF734
:1083100082F941EC100B9FED121B53EC112B51EC29
:10832000100BFBF7B3FF41EC100B51EC100BFCF7FB
:1083300053F90090FFE7009800EE100AB8EEC00A6B
:1083400041F29470C2F2000080ED040AFFE704B02D
:1083500080BD00BF00BF00BFC976BE9F1A2F094075
:10836000000000000000E0BF000000000000E03F4F
:1083700080B584B000200390ADF80A0040F2982048
:10838000C2F2000004F02EFAFCF719F941EC100BD0
:108390009FED2F1B53EC112B51EC100BFCF78FF8BA
:1083A00041EC100B51EC100BFCF748F903909DEDDC
:1083B000030AB5EE400AF1EE10FA15DBFFE7039869
:1083C000FCF729F941EC100B9FED251B53EC112B09
:1083D00051EC100BFBF75AFF41EC100B51EC100B5A
:1083E000FCF7FAF8019014E00398FCF714F941EC5B
:1083F000100B9FED191B53EC112B51EC100BFBF7DD
:1084000045FF41EC100B51EC100BFCF7E5F8019027
:10841000FFE70198ADF80A00BDF80A0040F6B9314F
:10842000884205DBFFE740F6B830ADF80A00FFE709
:10843000BDF80A00002804DCFFE70020ADF80A00C0
:10844000FFE7BDF80A0004B080BD00BF00BF00BF59
:10845000D7A3703D0AD7F53F000000000000E0BF41
:10846000000000000000E03F8BB0099008910792E7
:108470000693099818B1FFE7089818B9FFE700209C
:108480000A905FE007980699884203D9FFE7002029
:108490000A9057E006980799401A0130059009980C
:1084A000079908440490002002900390FFE7039886
:1084B0000599B0EB910F11D2FFE70498006800BA5C
:1084C0000899029A531C029341F822000498043040
:1084D0000490FFE7039801300390E8E79DF814004B
:1084E000800760B3FFE700200190059901F00301C8
:1084F0008DF803108DF80200FFE79DF802009DF84B
:108500000310884213DAFFE704989DF80220805C8C
:108510001821A1EBC20100FA01F101980843019072
:10852000FFE79DF8020001308DF80200E5E70198B1
:108530000899029A531C029341F82200FFE702981F
:108540000A90FFE70A980BB07047000084B00390D0
:1085500002914FF6FF70ADF80600FFE7029890B366
:10856000FFE70398411C03910178BDF8060080EAFB
:108570000120ADF8060008200090FFE70098F0B158
:10858000FFE7BDF80600000400280DD5FFE7BDF8A1
:1085900006004000ADF80600BDF8060041F22101DA
:1085A0004840ADF8060005E0BDF806004000ADF813
:1085B0000600FFE7FFE7009801380090DEE7029829
:1085C00001380290CAE7BDF8060004B07047000009
:1085D00083B002900191002000900090FFE7009886
:1085E000019988420ED2FFE70298009950F82100C5
:1085F00043F20001C4F202010860FFE70098013075
:108600000090ECE743F20000C4F20200006803B0FF
:108610007047000043F20801C4F20201086840F00C
:10862000010008607047000081B00090009843F29C
:108630001001C4F20201086001B0704781B08DF8EA
:1086400003009DF8032043F20801C4F20201086808
:1086500002F0030220F0180040EAC200086001B0F6
:108660007047000081B00090009843F21401C4F2FA
:108670000201086001B0704781B08DF803009DF8D9
:10868000032043F20801C4F20201086802F0030269
:1086900020F0600040EA4210086001B0704700001E
:1086A00081B08DF803009DF8032043F20801C4F265
:1086B0000201086802F0010220F0800040EAC210C6
:1086C000086001B07047000081B08DF803009DF88C
:1086D000030000F0030241F20401C4F20201086841
:1086E00020F4404040EA823008609DF8032008688A
:1086F000920862F31C70086001B0704781B08DF879
:1087000003009DF8032041F20401C4F2020108684D
:1087100002F00F0220F0F00040EA0210086001B001
:108720007047000081B08DF803009DF8032041F2EE
:108730000401C4F20201086802F0070220F4E060BC
:1087400040EA0220086001B07047000081B08DF857
:1087500003009DF8032041F20401C4F202010868FD
:1087600002F0070220F4605040EAC220086001B025
:108770007047000081B08DF803009DF803000128C8
:1087800009D1FFE741F25401C4F20201086840F048
:108790003000086008E041F25401C4F202010868A8
:1087A00020F030000860FFE701B0704782B08DF81C
:1087B00007008DF806109DF8070001460091042877
:1087C00044D80099DFE801F0030E1D2C37009DF816
:1087D000062041F20001C4F20201086862F30000C1
:1087E000086034E09DF8062041F20001C4F2020165
:1087F000086802F0010220F4803040EA024008607C
:1088000025E09DF8062041F20001C4F2020108684B
:1088100002F0010220F0807040EA0260086016E079
:108820009DF8062041F22001C4F20201086862F3BB
:10883000000008600BE09DF8062041F22401C4F21C
:108840000201086862F30000086000E0FFE702B080
:108850007047000080B58AB009900020089007900A
:10886000069005900490039000F028FA8DF80B0014
:108870009DF80B000146019140B1FFE701980128E6
:1088800025D0FFE70198022828D07EE041F254006D
:10889000C4F202000068400AC00780B1FFE741F25D
:1088A0003000C4F202000068400EC00738B1FFE794
:1088B000099946F60040C0F2DC20086006E00999FC
:1088C00041F20020C0F27A000860FFE764E00999F5
:1088D00041F20020C0F27A0008605DE041F204003D
:1088E000C4F202000168C1F3004105910168C1F3BF
:1088F000834107910068C0F341700690069820B943
:10890000FFE707980F2807D1FFE70699079800EBC4
:1089100001100130079003E0079802300790FFE74D
:10892000059848B9FFE7079840F60011C0F23D01ED
:1089300048430999086027E041F20400C4F20200AC
:108940000068400CC007A8B1FFE741F25400C4F230
:1089500002000068C0F3013008900898811C41F2C1
:108960000020C0F27A00B0FBF1F007994843099962
:10897000086008E0079841F20021C0F27A014843FC
:1089800009990860FFE7FFE706E0099941F2002036
:10899000C0F27A000860FFE741F20400C4F202006E
:1089A0000168C1F303110491049A4FF2AC41C0F67F
:1089B0000001895C0391099A1168039BD9405160B9
:1089C0000168C1F302210491049A4FF29C41C0F660
:1089D0000001895C0391099A5168039BD940D160D9
:1089E0000168C1F3C2210491049A4FF2A441C0F678
:1089F0000001895C0391099A5168039BD9409160F9
:108A00000168C1F30071049104990068C0F38130DA
:108A100040EA8100049004994FF29440C0F60000AF
:108A2000405C039009998868039AB0FBF2F00861F2
:108A30000AB080BD82B0019000208DF80300BDF81F
:108A4000060041F20001C4F202014058019901F010
:108A50001F01C840C00720B9FFE700208DF80300C0
:108A600003E001208DF80300FFE79DF8030002B04A
:108A70007047000080B584B0002003908DF80B0093
:108A8000FFE71120FFF7D6FF0146002001290190E2
:108A900008D0FFE703990020B1F5405F38BF0120FF
:108AA0000190FFE70198C00720B1FFE7039801306C
:108AB0000390E6E71120FFF7BDFF012804D0FFE790
:108AC00000208DF80B0003E001208DF80B00FFE77C
:108AD0009DF80B0004B080BD82B001908DF80310AA
:108AE0009DF8030001280FD1FFE7019800F01F0255
:108AF000012101FA02F3010C41F20002C4F2020268
:108B00008858184388500EE0019800F01F02012198
:108B100001FA02F3010C41F20002C4F20202885889
:108B200098438850FFE702B07047000081B08DF88D
:108B300003008DF802108DF801209DF8030088B91C
:108B4000FFE741F20401C4F20201086820F480301A
:108B5000086041F23001C4F20201086840F0007080
:108B600008601FE041F20401C4F20201086840F409
:108B7000803008609DF80300012809D1FFE741F229
:108B80000401C4F20201086820F40030086008E023
:108B900041F20401C4F20201086840F400300860A8
:108BA000FFE7FFE79DF8020000F00F0241F2040129
:108BB000C4F20201086820F4701040EA82400860A4
:108BC0009DF8020000F03002086820F0C04040EA42
:108BD000426008609DF80120086820F0004040EAEB
:108BE000C270086001B0704741F20001C4F2020196
:108BF000086840F001000860FFE741F20000C4F29D
:108C000002000068C0F34000012801D0FFE7F4E74C
:108C100041F20401C4F20201086820F00300086078
:108C2000FFE741F20400C4F20200006880088007F8
:108C300008B1FFE7F5E741F20001C4F2020108685C
:108C40004FF6FF72CFF6F2621040086041F2040165
:108C5000C4F202010020086041F23001C4F20201B6
:108C6000086041F20801C4F202014FF41F000860DD
:108C70007047000081B08DF803009DF8032041F299
:108C80000401C4F20201086862F30100086000BF39
:108C900000BF00BF00BF00BF00BF00BF00BF00BFDC
:108CA00000BF00BF00BF00BF00BF00BF00BF00BFCC
:108CB00000BF00BF00BF01B07047000041F20400D8
:108CC000C4F202000068C0F38100704780B582B032
:108CD00040F25400C2F200000078014601910928D8
:108CE00053D80199DFE801F0050A0F141A1F24294F
:108CF0002F5001210846FEF721FD47E00A200121FF
:108D0000FEF71CFD42E064200121FEF717FD3DE067
:108D10004FF47A700121FEF711FD37E001200021A8
:108D2000FEF70CFD32E00A200021FEF707FD2DE0E2
:108D300064200021FEF702FD28E04FF47A70002144
:108D4000FEF7FCFC22E041F29470C2F20000002128
:108D500080F86B1090F86C10013180F86C1090F86E
:108D60006C00052808DBFFE741F29471C2F20001B4
:108D7000002081F86C00FFE741F29471C2F200011B
:108D8000002081F8740001E0FFE7FFE740F25401A2
:108D9000C2F200010920087002B080BD80B541F226
:108DA0009470C2F2000090F87200C007E8B3FFE7C9
:108DB00041F29471C2F20001C88E898E884208D0B7
:108DC000FFE741F29470C2F20000808EFDF7F0FBE5
:108DD000FFE740F20431C2F200010020086040F2D7
:108DE0001400C2F200000168013901600068002827
:108DF0001ADCFFE741F29470C2F2000090F86C00B8
:108E000090B9FFE740F21401C2F2000140F6B83019
:108E1000086041F29471C2F20001002081F87200F2
:108E20004FF6FF70C886FFE748E041F29470C2F247
:108E3000000090F8900040BBFFE740F20430C2F21F
:108E40000000016801390160006800281CDCFFE7B0
:108E500040F20431C2F20001C820086041F294706F
:108E6000C2F2000090F88E00012808D1FFE741F21D
:108E70009470C2F200008089FBF792FD03E00020AD
:108E8000FBF78EFDFFE7FFE717E041F29470C2F2B7
:108E9000000090F8900001280ED1FFE740F2043165
:108EA000C2F200010020086041F29470C2F200009A
:108EB000808EFDF77DFBFFE7FFE7FFE780BD000049
:108EC00084B08DF80F009DF80F0001380146029123
:108ED000092800F2FD800299DFE811F00A005A002B
:108EE000F600F700AA00C900F500CA00F800F90072
:108EF00041F29470C2F2000090F88C00002846D134
:108F0000FFE741F29470C2F2000090F86C00014655
:108F10000191042828D80199DFE801F0030A11180B
:108F20001F0040F25401C2F20001022008701CE050
:108F300040F25401C2F200010320087015E040F233
:108F40005401C2F20001022008700EE040F2540108
:108F5000C2F200010120087007E040F25401C2F2A1
:108F600000010020087000E0FFE741F29471C2F2B6
:108F70000001012081F8780081F8740081F8720006
:108F800040F22011C2F2000100204871FFE7A0E08A
:108F900041F29470C2F2000090F88C00002846D193
:108FA000FFE741F29470C2F2000090F86C000146B5
:108FB0000091042828D80099DFE801F0030A11186D
:108FC0001F0040F25401C2F20001062008701CE0AC
:108FD00040F25401C2F200010720087015E040F28F
:108FE0005401C2F20001062008700EE040F2540164
:108FF000C2F200010520087007E040F25401C2F2FD
:1090000000010420087000E0FFE741F29471C2F211
:109010000001012081F8780081F8740081F8720065
:1090200040F22011C2F2000100204871FFE750E039
:1090300041F29470C2F2000090F88C00B0B9FFE7E2
:1090400040F25401C2F200010820087041F294720B
:10905000C2F20002002082F87400012182F872102E
:1090600040F22011C2F200014871FFE731E030E028
:1090700041F29470C2F2000090F88C0001280CD1EB
:10908000FFE741F29471C2F2000191F88D00B0FA4D
:1090900080F0400981F88D000EE041F29471C2F237
:1090A0000001012081F8990040F64031C2F2000130
:1090B00040F6B8300860FFE740F22011C2F200012C
:1090C0000120487105E004E003E002E001E000E077
:1090D000FFE741F29470C2F2000090F89900C007D7
:1090E000A0B1FFE740F64030C2F20000016801394C
:1090F00001600068002808DCFFE741F29471C2F2C9
:109100000001002081F89900FFE7FFE741F2947029
:10911000C2F2000090F86C00C8B3FFE79DF80F00A2
:1091200060BBFFE741F29471C2F20001002081F8B8
:10913000740040F25000C2F2000001680139016081
:109140000068002819DCFFE740F25001C2F200017C
:1091500040F6B830086041F29471C2F2000100207C
:1091600081F86C0081F8720040F20432C2F2000211
:1091700010604FF6FF70C881FFE707E040F2500132
:10918000C2F2000140F6B8300860FFE7FFE704B024
:109190007047000082B00190ADF80210BDF80200E7
:1091A0000199086002B0704782B00190ADF80210DA
:1091B000BDF802000199086002B0704780B582B026
:1091C0008DF80700ADF80410ADF80220BDF80410CA
:1091D000BDF8022000209142A8BF01208DF80100B7
:1091E0009DF807009DF8011000F030F802B080BD36
:1091F00082B08DF807008DF806109DF80700014633
:109200000091012804D0FFE7009802280BD019E054
:109210009DF8062047F20041C4F20001086862F39D
:10922000000008600FE09DF8062047F20041C4F2FC
:109230000001086802F0010220F4803040EA024098
:10924000086000E0FFE702B07047000082B08DF8D0
:1092500007008DF806109DF80600B0FA80F040096E
:109260008DF806009DF8070001460091012804D002
:10927000FFE7009802280FD01DE09DF8062047F276
:109280000041C4F20001086802F0010220F002006F
:1092900040EA420008600FE09DF8062047F20041D6
:1092A000C4F20001086802F0010220F4003040EA34
:1092B0004240086000E0FFE702B070470000000095
:1092C00080B588B0ADF81E00ADF81C10069205936D
:1092D00040F6F830C2F20000006841F29471C2F228
:1092E0000001898E884200F09080FFE741F294707F
:1092F000C2F20000808E40F6F831C2F20001086030
:10930000BDF81C1002206422FFF758FFBDF81C00B6
:109310000599084404900498002803DCFFE7002026
:109320000490FFE70498FBF739F941EC100B9FED2F
:109330008E1B53EC112B51EC100BFBF74EF841EC4C
:10934000100B51EC100BFBF779F9014640F6883011
:10935000C2F20000016090ED000AB5EE400AF1EEA5
:1093600010FA19DBFFE740F68830C2F2000000680F
:10937000FBF751F941EC100B9FED7F1B53EC112BC8
:1093800051EC100BFAF782FF41EC100B51EC100B73
:10939000FBF722F9029018E040F68830C2F2000094
:1093A0000068FBF738F941EC100B9FED711B53EC93
:1093B000112B51EC100BFAF769FF41EC100B51EC3B
:1093C000100BFBF709F90290FFE7029940F68C3089
:1093D000C2F200000180008840F6FF71884208DB7D
:1093E000FFE740F68C31C2F2000140F6FF700880C2
:1093F000FFE740F68C30C2F20000018847F21440CB
:10940000C4F20000FFF7D0FEFFE740F6FC30C2F2E6
:109410000000006841F29471C2F20001098E884296
:1094200000F09F80FFE741F29470C2F20000008ECE
:1094300040F6FC31C2F200010860BDF81E100120A8
:109440000A22FFF7BBFEBDF81E00069908440390F0
:109450000398012803DCFFE701200390FFE703984E
:10946000FBF79CF841EC100B9FED451B53EC112BC7
:1094700051EC100BFAF7B1FF41EC100B51EC100B53
:10948000FBF7DCF8014640F69030C2F200000160C4
:1094900090ED000AB5EE400AF1EE10FA19DBFFE795
:1094A00040F69030C2F200000068FBF7B4F841ECDF
:1094B000100B9FED311B53EC112B51EC100BFAF7F5
:1094C000E5FE41EC100B51EC100BFBF785F8019019
:1094D00018E040F69030C2F200000068FBF79BF8FD
:1094E00041EC100B9FED221B53EC112B51EC100B98
:1094F000FAF7CCFE41EC100B51EC100BFBF76CF8BB
:109500000190FFE7019940F69430C2F2000001801B
:10951000008840F6FF71884208DBFFE740F694318F
:10952000C2F2000140F6FF700880FFE740F6943079
:10953000C2F200000088012807DCFFE740F6943102
:10954000C2F2000101200880FFE740F69430C2F229
:109550000000018847F20840C4F20000FFF71AFE3D
:10956000FFE708B080BD00BFD7A3703D0AD7E53F35
:10957000000000000000E0BF000000000000E03F2D
:10958000D7A3703D0AD7F53F82B08DF807008DF85C
:1095900006109DF8070001460091012804D0FFE75E
:1095A000009802280FD01DE09DF8062047F20041E8
:1095B000C4F20001086802F0010220F0040040EA51
:1095C000820008600FE09DF8062047F20041C4F2D7
:1095D0000001086802F0010220F4802040EA824085
:1095E000086000E0FFE702B07047000080B584B07B
:1095F00003908DF80B1000208DF80700FFE79DF811
:1096000007009DF80B10884217DAFFE703989DF8D2
:109610000710084401F04CF9ADF80800BDF8080047
:109620004FF6FF71884201D1FFE706E0FFE79DF8A2
:10963000070002308DF80700E1E7BDF8080004B02C
:1096400080BD000040F69630C2F20000007841F282
:109650009471C2F2000191F88E10884210D0FFE799
:1096600041F29471C2F2000191F88E0040F69632F8
:10967000C2F20002107000204866C8814881FFE7EE
:109680007047000080B586B00590059840F218112B
:10969000C2F200010968A0FB01010391029040F6AB
:1096A0000040C2F2000000685B2807DBFFE740F6DD
:1096B0000040C2F200000068009002E05A200090D2
:1096C000FFE700980190029B0399019AD017D21AE4
:1096D000884101DBFFE71DE0019A02990398891A8E
:1096E00060EBE2700291039002F084FA03460A46AE
:1096F00002990398C918504102910390FFE702F0C4
:1097000079FA0246029B0398D21A71EB000001DA43
:10971000FFE7F4E706B080BD80B586B005900598F8
:1097200040F21C11C2F200010968A0FB0101039183
:10973000029040F60040C2F2000000685B2807DBA0
:10974000FFE740F60040C2F200000068009002E02F
:109750005A200090FFE700980190029B0399019A1C
:10976000D017D21A884101DBFFE71DE0019A029968
:109770000398891A60EBE2700291039002F03AFAC2
:1097800003460A4602990398C91850410291039072
:10979000FFE702F02FFA0246029B0398D21A71EB00
:1097A000000001DAFFE7F4E706B080BD82B0019067
:1097B0008DF803109DF803200199086862F30000FA
:1097C000086002B07047000081B00090009900204E
:1097D00008600099486000990881009948810099C3
:1097E000087300994873009988730099C8730099A9
:1097F00008740099487401B07047000082B001906D
:109800008DF803108DF802200198D0F8A400000E06
:10981000C00740B9FFE70199D1F8A40040F080707B
:10982000C1F8A400FFE79DF8030001280BD1FFE772
:109830009DF802200199D1F8A00020F0FF0010440B
:10984000C1F8A0006AE09DF8030002280CD1FFE7F0
:109850009DF802200199D1F8A00020F47F4040EA51
:109860000220C1F8A00058E09DF8030003280CD1A5
:10987000FFE79DF802200199D1F8A00020F47F00B5
:1098800040EA0240C1F8A00046E09DF80300042829
:109890000CD1FFE79DF802200199D1F8A00020F03B
:1098A0007F4040EA0260C1F8A00034E09DF8030068
:1098B00005280BD1FFE79DF802200199D1F8A400FB
:1098C00020F0FF001044C1F8A40023E09DF803003D
:1098D00006280CD1FFE79DF802200199D1F8A400D9
:1098E00020F47F4040EA0220C1F8A40011E09DF876
:1098F000030007280CD1FFE79DF802200199D1F859
:10990000A40020F47F0040EA0240C1F8A400FFE771
:10991000FFE7FFE7FFE7FFE7FFE7FFE702B070477A
:1099200082B001900091019908684BF6EF721040E7
:10993000086000980289019908681043086000983F
:10994000427C0199086802F0030220F4405040EA8A
:10995000023008600098C27B0199086802F0030297
:1099600020F4406040EA822008600098827B0199E0
:10997000086802F0030220F4407040EA0220086008
:109980000098427B0199086802F0010220F08000F3
:1099900040EAC21008600098027B0199086802F052
:1099A000010220F0400040EA821008600098027C2A
:1099B0000199086802F0010220F0200040EA4210FC
:1099C00008600098408901994860009800680199F2
:1099D0008860009840680199C86002B07047000034
:1099E00082B0019000200090019A116821F00101DD
:1099F0001160019908600199486001998860019996
:109A0000C86001980090009800F49F60C00880280A
:109A100017D8FFE79DF8000008384CF6CD41CCF68A
:109A2000CC41A0FB01016FF0030000EA91010F207F
:109A300000FA01F20421C4F2020108681043086030
:109A40001FE0009800F49F60C008902818D8FFE736
:109A50009DF8000008384CF6CD41CCF6CC41A0FB77
:109A600001016FF0030000EA91010F2000FA01F2FA
:109A700040F20441C4F20201086810430860FFE7A5
:109A8000FFE702B07047000080B584B040F2581084
:109A9000C2F200000190FBF783FE014601988DF8A9
:109AA0000F109DF90F10FBF725FD014640F604400D
:109AB000C2F200000170007804F000FE04F0F4FC33
:109AC00040F21800C2F200000290FBF769FE014666
:109AD00002988DF80E109DF90E10FBF70BFD014654
:109AE00040F6E830C2F2000001700078FFF7E8F9B4
:109AF000FFF7ECF804B080BD80B540F69830C2F2B4
:109B000000000078C00738B9FFE740F69831C2F28C
:109B1000000101200870FFE704F092FF80BD000003
:109B200083B001908DF80310019820B9FFE7012060
:109B30008DF80B0024E000208DF802008DF8020063
:109B4000FFE79DF802000E280DDCFFE701999DF864
:109B50000220002041F82200FFE79DF802000130BA
:109B60008DF80200EDE79DF80300019981F84600A9
:109B70000199002008640199C8638DF80B00FFE784
:109B80009DF80B0003B0704781B003208DF80300EF
:109B900042F20C00C4F202000068C00720B1FFE7E7
:109BA00000208DF803001FE042F20C00C4F2020016
:109BB00000688008C00720B1FFE701208DF803008E
:109BC00011E042F20C00C4F2020000680009C00774
:109BD00020B1FFE702208DF8030003E003208DF899
:109BE0000300FFE7FFE7FFE79DF8030001B07047C0
:109BF00080B584B0039003208DF80B00FFF7C4FFFD
:109C00008DF80B00FFE79DF80B100020019031B993
:109C1000FFE70398002818BF01200190FFE7019893
:109C2000C00740B1FFE7FFF7AFFF8DF80B000398C7
:109C300001380390E7E7039820B9FFE704208DF887
:109C40000B00FFE79DF80B0004B080BD81B003203E
:109C50008DF8030042F24C00C4F202000068C00715
:109C600020B1FFE700208DF803001FE042F24C0016
:109C7000C4F2020000688008C00720B1FFE701209D
:109C80008DF8030011E042F24C00C4F202000068BB
:109C90000009C00720B1FFE702208DF8030003E0B0
:109CA00003208DF80300FFE7FFE7FFE79DF80300BF
:109CB00001B0704780B584B0039003208DF80B008D
:109CC000FFF7C4FF8DF80B00FFE79DF80B10002095
:109CD000019031B9FFE70398002818BF01200190D7
:109CE000FFE70198C00740B1FFE7FFF7AFFF8DF82E
:109CF0000B00039801380390E7E7039820B9FFE7CA
:109D000004208DF80B00FFE79DF80B0004B080BD28
:109D100080B586B00590ADF8121003208DF81100C3
:109D20000598B0F1006F21D3FFE705984FF6FF715A
:109D3000C0F60701884219D8FFE742F21001C4F2C9
:109D400002010391086840F001000860BDF81200AC
:109D5000059908804FF48010FFF74AFF03998DF8AA
:109D60001100086820F00100086046E00598002115
:109D7000C0F6080188421ED3FFE70598000D802831
:109D800019D8FFE742F25001C4F2020102910868BB
:109D900040F001000860BDF81200059908804FF4FA
:109DA0008010FFF787FF02998DF81100086820F0F6
:109DB0000100086020E00598B0F1046F1BD3FFE7B5
:109DC00042F29001C4F202010191086840F00100E2
:109DD0000860BDF81200059908804FF4801000F06B
:109DE0004DFE01998DF81100086820F0010008600F
:109DF00000F002FEFFE7FFE7FFE79DF8110006B065
:109E000080BD000080B58AB040F6E430C2F20000A8
:109E1000007801460991032800F236850999DFE8A8
:109E200011F004003B015504FC0440F69E30C2F2E0
:109E300000000078C007002840F02681FFE74FF6B9
:109E40000000C0F603001421FFF7D0FB4FF6FF71AE
:109E5000884231D0FFE74FF60040C0F603001421DE
:109E6000FFF7C4FB4FF6FF71884225D0FFE74FF69E
:109E70002600C0F6030000F01BFD40F69A31C2F246
:109E80000001089108804FF62640C0F6030000F05C
:109E90000FFD0246089840F69C31C2F200010A808C
:109EA00000880988884203DDFFE700F0CBFF02E06D
:109EB00001F07EF8FFE722E04FF60000C0F6030055
:109EC0001421FFF793FB4FF6FF71884203D0FFE7A1
:109ED00000F0B8FF12E04FF60040C0F60300142176
:109EE000FFF784FB4FF6FF71884203D0FFE701F0D4
:109EF0005FF802E001F044FEFFE7FFE7FFE7FDF750
:109F0000C5FD41F29470C2F200000790018E00EE90
:109F1000101AB8EE400A40F6E031C2F2000181EDBD
:109F2000000A818E00EE101AB8EE400A40F6A43105
:109F3000C2F2000181ED000A018F00EE101AB8EEA6
:109F4000400A40F6B431C2F2000181ED000A818F6F
:109F500000EE101AB8EE400A40F6AC31C2F2000131
:109F600081ED000A90F8881040F6B032C2F200028B
:109F70001170B0F8401000EE101AB8EE400A40F62A
:109F8000C031C2F2000181ED000AB0F8441000EEC9
:109F9000101AB8EE400A40F6B831C2F2000181ED65
:109FA000000A90F8891040F6BC32C2F2000211702B
:109FB000B0F8481000EE101AB8EE400A40F6CC3166
:109FC000C2F2000181ED000AB0F84C1000EE101A48
:109FD000B8EE400A40F6C431C2F2000181ED000A39
:109FE00090F88A1040F6C832C2F200021170B0F840
:109FF000501000EE101AB8EE400A40F6D831C2F206
:10A00000000181ED000AB0F8541000EE101AB8EE0D
:10A01000400A40F6D031C2F2000181ED000A90F80A
:10A020008B1040F6D432C2F20002117090F8861004
:10A0300040F6DC32C2F20002117090F8681001F0B4
:10A04000010140F6DE32C2F20002117090F8691090
:10A0500001F0010140F6A232C2F20002117090F844
:10A060008C1040F6A832C2F20002117090F88D00F8
:10A0700040F6DD31C2F20001087040F69E31C2F2B6
:10A0800000010120087006E040F6E431C2F2000150
:10A0900001200870F8E3F7E340F6E030C2F2000078
:10A0A00090ED000A41F29470C2F20000008E01EEC1
:10A0B000100AB8EEC11AB4EE410AF1EE10FA40F0FF
:10A0C0005581FFE740F6A430C2F2000090ED000A8F
:10A0D00041F29470C2F20000808E01EE100AB8EED8
:10A0E000C11AB4EE410AF1EE10FA40F03F81FFE7E9
:10A0F00040F6B430C2F2000090ED000A41F29470D4
:10A10000C2F20000008F01EE100AB8EEC11AB4EEE0
:10A11000410AF1EE10FA40F02981FFE740F6AC3039
:10A12000C2F2000090ED000A41F29470C2F2000009
:10A13000808F01EE100AB8EEC11AB4EE410AF1EEBA
:10A1400010FA40F01381FFE740F6B030C2F2000091
:10A15000007841F29471C2F2000191F888108842AF
:10A1600040F00481FFE740F6C030C2F2000090EDFD
:10A17000000A41F29470C2F20000B0F8400001EE13
:10A18000100AB8EEC11AB4EE410AF1EE10FA40F02E
:10A19000ED80FFE740F6B830C2F2000090ED000A13
:10A1A00041F29470C2F20000B0F8440001EE100ACF
:10A1B000B8EEC11AB4EE410AF1EE10FA40F0D680C2
:10A1C000FFE740F6BC30C2F20000007841F2947123
:10A1D000C2F2000191F88910884240F0C780FFE781
:10A1E00040F6CC30C2F2000090ED000A41F29470CB
:10A1F000C2F20000B0F8480001EE100AB8EEC11A31
:10A20000B4EE410AF1EE10FA40F0B080FFE740F6FC
:10A21000C430C2F2000090ED000A41F29470C2F224
:10A220000000B0F84C0001EE100AB8EEC11AB4EE0E
:10A23000410AF1EE10FA40F09980FFE740F6C8308D
:10A24000C2F20000007841F29471C2F2000191F86C
:10A250008A10884240F08A80FFE740F6D830C2F288
:10A26000000090ED000A41F29470C2F20000B0F8D4
:10A27000500001EE100AB8EEC11AB4EE410AF1EE38
:10A2800010FA73D1FFE740F6D030C2F2000090ED33
:10A29000000A41F29470C2F20000B0F8540001EEDE
:10A2A000100AB8EEC11AB4EE410AF1EE10FA5DD10F
:10A2B000FFE740F6D430C2F20000007841F294711A
:10A2C000C2F2000191F88B1088424FD1FFE740F6AF
:10A2D000DC30C2F20000007841F29471C2F2000159
:10A2E00091F88610884241D1FFE740F6DE30C2F295
:10A2F0000000007800F0010041F29471C2F2000108
:10A3000091F8681001F0010188422FD1FFE740F673
:10A31000A230C2F20000007800F0010041F2947116
:10A32000C2F2000191F8691001F0010188421DD1CB
:10A33000FFE740F6A830C2F20000007841F29471C5
:10A34000C2F2000191F88C1088420FD1FFE740F66D
:10A35000DD30C2F20000007841F29471C2F20001D7
:10A3600091F88D10884200F0B081FFE700F0B8FB53
:10A3700040F69F30C2F200000078C007002800F0CD
:10A380008480FFE74FF60000C0F60300059000F060
:10A39000A9FA059841F29471C2F200010691098E62
:10A3A000FFF7B6FC0698818E4FF60200C0F6030058
:10A3B000FFF7AEFC0698018F4FF60400C0F60300CD
:10A3C000FFF7A6FC0698818F4FF60600C0F6030043
:10A3D000FFF79EFC069890F888104FF60800C0F62C
:10A3E0000300FFF795FC0698B0F840104FF60A00FE
:10A3F000C0F60300FFF78CFC0698B0F844104FF647
:10A400000C00C0F60300FFF783FC069890F8891053
:10A410004FF60E00C0F60300FFF77AFC0698B0F87E
:10A4200048104FF61000C0F60300FFF771FC0698C5
:10A43000B0F84C104FF61200C0F60300FFF768FCAE
:10A44000069890F88A104FF61400C0F60300FFF744
:10A450005FFC0698B0F850104FF61600C0F60300E7
:10A46000FFF756FC0698B0F854104FF61800C0F6E7
:10A470000300FFF74DFC069890F88B104FF61A007A
:10A48000C0F60300FFF744FC82E04FF60040C0F640
:10A490000300039000F026FA039841F29471C2F28F
:10A4A00000010491098EFFF733FC0498818E4FF66A
:10A4B0000240C0F60300FFF72BFC0498018F4FF613
:10A4C0000440C0F60300FFF723FC0498818F4FF689
:10A4D0000640C0F60300FFF71BFC049890F88810B4
:10A4E0004FF60840C0F60300FFF712FC0498B0F8DE
:10A4F00040104FF60A40C0F60300FFF709FC04982D
:10A50000B0F844104FF60C40C0F60300FFF700FC13
:10A51000049890F889104FF60E40C0F60300FFF73C
:10A52000F7FB0498B0F848104FF61040C0F603004F
:10A53000FFF7EEFB0498B0F84C104FF61240C0F64F
:10A540000300FFF7E5FB049890F88A104FF61440DB
:10A55000C0F60300FFF7DCFB0498B0F850104FF68C
:10A560001640C0F60300FFF7D3FB0498B0F8541070
:10A570004FF61840C0F60300FFF7CAFB049890F8A6
:10A580008B104FF61A40C0F60300FFF7C1FBFFE740
:10A5900041F29470C2F200000290018E00EE101A97
:10A5A000B8EE400A40F6E031C2F2000181ED000A47
:10A5B000818E00EE101AB8EE400A40F6A431C2F2C5
:10A5C000000181ED000A018F00EE101AB8EE400A7A
:10A5D00040F6B431C2F2000181ED000A818F00EE35
:10A5E000101AB8EE400A40F6AC31C2F2000181ED1B
:10A5F000000A90F8881040F6B032C2F200021170E2
:10A60000B0F8401000EE101AB8EE400A40F6C03123
:10A61000C2F2000181ED000AB0F8441000EE101AF9
:10A62000B8EE400A40F6B831C2F2000181ED000AEE
:10A6300090F8891040F6BC32C2F200021170B0F8F6
:10A64000481000EE101AB8EE400A40F6CC31C2F2C3
:10A65000000181ED000AB0F84C1000EE101AB8EEBF
:10A66000400A40F6C431C2F2000181ED000A90F8C0
:10A670008A1040F6C832C2F200021170B0F85010D1
:10A6800000EE101AB8EE400A40F6D831C2F20001CE
:10A6900081ED000AB0F8541000EE101AB8EE400A2E
:10A6A00040F6D031C2F2000181ED000A90F88B0033
:10A6B00040F6D431C2F20001087040F6E431C2F233
:10A6C0000001087801300870DEE0DDE040F69F30E0
:10A6D000C2F200000078C007B0B3FFE741F2947007
:10A6E000C2F20000019090F886104FF61C00C0F6F0
:10A6F0000300FFF70DFB019890F8680000F00101DE
:10A700004FF61E00C0F60300FFF702FB019890F819
:10A71000690000F001014FF62000C0F60300FFF7CA
:10A72000F7FA019890F88C104FF62200C0F603005B
:10A73000FFF7EEFA019890F88D104FF62400C0F65E
:10A740000300FFF7E5FA35E041F29470C2F2000031
:10A75000009090F886104FF61C40C0F60300FFF7FB
:10A76000D7FA009890F8680000F001014FF61E40FB
:10A77000C0F60300FFF7CCFA009890F8690000F0EB
:10A7800001014FF62040C0F60300FFF7C1FA009820
:10A7900090F88C104FF62240C0F60300FFF7B8FA8D
:10A7A000009890F88D104FF62440C0F60300FFF794
:10A7B000AFFAFFE741F29470C2F2000090F8861001
:10A7C00040F6DC32C2F20002117090F8681001F01D
:10A7D000010140F6DE32C2F20002117090F86910F9
:10A7E00001F0010140F6A232C2F20002117090F8AD
:10A7F0008C1040F6A832C2F20002117090F88D0061
:10A8000040F6DD31C2F20001087040F6E431C2F2D8
:10A81000000108780130087036E040F69F30C2F23F
:10A8200000000078C00760B1FFE740F6A030C2F238
:10A83000000001884FF62600C0F60300FFF768FA13
:10A840000BE040F6A030C2F2000001884FF626402F
:10A85000C0F60300FFF75CFAFFE740F6A031C2F252
:10A86000000108880130088040F69F31C2F20001E3
:10A8700008780130087000F009F840F6E431C2F2BF
:10A88000000101200870FFE70AB080BD42F210010C
:10A89000C4F20201086840F08000086042F25001F2
:10A8A000C4F20201086840F08000086070470000B0
:10A8B00082B00190019800688DF800000198013085
:10A8C0000190019800688DF801009DF801109DF835
:10A8D000000040EA0120ADF80200BDF8020002B01D
:10A8E0007047000080B586B0059003208DF81300F6
:10A8F0000598B0F1006F27D3FFE705984FF6FF7179
:10A90000C0F6070188421FD8FFE742F21001C4F2E7
:10A9100002010391086840F002000860059842F2C5
:10A920001402C4F202021060086840F0400008609F
:10A930004FF08040FFF75CF903998DF81300086829
:10A9400020F00200086052E005980021C0F60801DE
:10A95000884224D3FFE70598000D80281FD8FFE721
:10A9600042F25001C4F202010291086840F0020074
:10A970000860059842F25402C4F2020210600868AE
:10A9800040F0400008604FF08040FFF793F90299D3
:10A990008DF81300086820F00200086026E0059892
:10A9A000B0F1046F21D3FFE742F29001C4F202013B
:10A9B0000191086840F002000860059842F2940294
:10A9C000C4F202021060086840F0400008604FF0D6
:10A9D000FF3000F053F801998DF81300086820F05B
:10A9E0000200086000F008F8FFE7FFE7FFE79DF8C6
:10A9F000130006B080BD00004FF00460006841F213
:10AA00000000C0F64000006842F20000C0F64000BE
:10AA10000068704781B003208DF8030042F28C007B
:10AA2000C4F202000068C00720B1FFE700208DF8E3
:10AA300003001FE042F28C00C4F2020000688008AC
:10AA4000C00720B1FFE701208DF8030011E042F2BA
:10AA50008C00C4F2020000680009C00720B1FFE7C3
:10AA600002208DF8030003E003208DF80300FFE7C8
:10AA7000FFE7FFE79DF8030001B0704780B584B0A1
:10AA8000039003208DF80B00FFF7C4FF8DF80B0037
:10AA9000FFE79DF80B100020019031B9FFE7039804
:10AAA000002818BF01200190FFE70198C00740B1BE
:10AAB000FFE7FFF7AFFF8DF80B0003980138039015
:10AAC000E7E7039820B9FFE704208DF80B00FFE7C4
:10AAD0009DF80B0004B080BD80B5FFF793F980BDF1
:10AAE00042F20401C4F2020140F22312C4F267529E
:10AAF0000A6048F6AB10CCF6EF50086042F2440111
:10AB0000C4F202010A6008607047000080B586B098
:10AB10000590049103208DF80F000598B0F1006FA7
:10AB200020D3FFE705984FF6FF71C0F60701884272
:10AB300018D8FFE742F21001C4F20201029108683E
:10AB400040F0010008600498059908604FF48010F7
:10AB5000FFF74EF802998DF80F00086820F0010009
:10AB6000086044E005980021C0F6080188421DD322
:10AB7000FFE70598000D802818D8FFE742F2500142
:10AB8000C4F202010191086840F0010008600498D5
:10AB9000059908604FF48010FFF78CF801998DF843
:10ABA0000F00086820F0010008601FE00598B0F170
:10ABB000046F1AD3FFE742F29001C4F20201009140
:10ABC000086840F0010008600498059908604FF497
:10ABD0008010FFF753FF00998DF80F00086820F0F0
:10ABE00001000860FFF708FFFFE7FFE7FFE79DF8B8
:10ABF0000F0006B080BD000080B582B040F60000B6
:10AC0000C4F201004FF4807101F01CF920B9FFE794
:10AC100001208DF8070003E000208DF80700FFE712
:10AC20009DF8070002B080BD80B584B08DF80F009C
:10AC30009DF80F1042F60000C4F2010001900122BD
:10AC400002920723FCF762FC01980299FCF764FD6D
:10AC5000FFE742F60000C4F201000221FCF73CFCD1
:10AC600008B9FFE7F5E742F60000C4F20100FCF77F
:10AC7000FFFC04B080BD0000D0B502AF86B007F87D
:10AC8000090C07F80A1C17F80A0C694647F8101C4B
:10AC9000072101EB400121F007026946891A8D4620
:10ACA00047F8201C47F8140C002047F8180C07F848
:10ACB000190CFFE717F8190C17F80A1C884211DA6B
:10ACC000FFE717F8090CFFF7AFFF57F8201C17F83C
:10ACD000192C21F81200FFE717F8190C013007F8BA
:10ACE000190CE7E7012007F8190CFFE717F8190C12
:10ACF00017F80A1C0139884212DAFFE757F8200CCE
:10AD000017F8191C30F8111057F8180C084447F8B8
:10AD1000180CFFE717F8190C013007F8190CE5E7D4
:10AD200057F8180C17F80A1C0239B0FBF1F057F865
:10AD3000101C8D4680B2A7F10804A546D0BD0000C6
:10AD400089B0002003908DF80B00FFE79DF80B0001
:10AD500009282ADCFFE7002001908DF80300FFE7B7
:10AD60009DF803000F2812DCFFE79DF8031040F266
:10AD70000830C2F2000030F8111001980844019028
:10AD8000FFE79DF8030001308DF80300E8E7019824
:10AD9000C0089DF80B2004A921F81200FFE79DF8D8
:10ADA0000B0001308DF80B00D0E701208DF80B006F
:10ADB000FFE79DF80B0008280FDCFFE79DF80B105C
:10ADC00004A830F81110039808440390FFE79DF899
:10ADD0000B0001308DF80B00EBE70398C0F3CF00B8
:10ADE00009B0704780B582B040F60040C4F201005F
:10ADF0004FF4804101F026F820B9FFE701208DF8DB
:10AE0000070003E000208DF80700FFE79DF807002A
:10AE100002B080BD80B582B040F60040C4F20100AF
:10AE20004FF4004101F00EF820B9FFE701208DF842
:10AE3000070003E000208DF80700FFE79DF80700FA
:10AE400002B080BD80B582B04FF60000C0F60300AE
:10AE5000FFF72EFD41F29471C2F2000101910886C4
:10AE60004FF60200C0F60300FFF722FD0199888625
:10AE70004FF60400C0F60300FFF71AFD019908879A
:10AE80004FF60600C0F60300FFF712FD0199888710
:10AE90004FF60800C0F60300FFF70AFD019981F89C
:10AEA00088004FF60A00C0F60300FFF701FD019984
:10AEB000A1F840004FF60C00C0F60300FFF7F8FCC5
:10AEC0000199A1F844004FF60E00C0F60300FFF709
:10AED000EFFC019981F889004FF61000C0F60300DD
:10AEE000FFF7E6FC0199A1F848004FF61200C0F602
:10AEF0000300FFF7DDFC0199A1F84C004FF61400A8
:10AF0000C0F60300FFF7D4FC019981F88A004FF6E0
:10AF10001600C0F60300FFF7CBFC0199A1F8500022
:10AF20004FF61800C0F60300FFF7C2FC0199A1F824
:10AF300054004FF61A00C0F60300FFF7B9FC019960
:10AF400081F88B004FF61C00C0F60300FFF7B0FC41
:10AF5000019981F886004FF61E00C0F60300FFF746
:10AF6000A7FC0199002818BF012081F868004FF65E
:10AF70002000C0F60300FFF79BFC0199002818BFD2
:10AF8000012081F869004FF62200C0F60300FFF7A8
:10AF90008FFC019981F88C004FF62400C0F6030065
:10AFA000FFF786FC019981F88D0002B080BD00009A
:10AFB00080B582B04FF60040C0F60300FFF778FC82
:10AFC00041F29471C2F20001019108864FF60240ED
:10AFD000C0F60300FFF76CFC019988864FF6044029
:10AFE000C0F60300FFF764FC019908874FF606409E
:10AFF000C0F60300FFF75CFC019988874FF6084014
:10B00000C0F60300FFF754FC019981F888004FF661
:10B010000A40C0F60300FFF74BFC0199A1F840007D
:10B020004FF60C40C0F60300FFF742FC0199A1F86F
:10B0300044004FF60E40C0F60300FFF739FC0199BB
:10B0400081F889004FF61040C0F60300FFF730FC8E
:10B050000199A1F848004FF61240C0F60300FFF72F
:10B0600027FC0199A1F84C004FF61440C0F60300EC
:10B07000FFF71EFC019981F88A004FF61640C0F6D2
:10B080000300FFF715FC0199A1F850004FF6184096
:10B09000C0F60300FFF70CFC0199A1F854004FF62D
:10B0A0001A40C0F60300FFF703FC019981F88B00FA
:10B0B0004FF61C40C0F60300FFF7FAFB019981F838
:10B0C00086004FF61E40C0F60300FFF7F1FB019922
:10B0D000002818BF012081F868004FF62040C0F614
:10B0E0000300FFF7E5FB0199002818BF012081F854
:10B0F00069004FF62240C0F60300FFF7D9FB019923
:10B1000081F88C004FF62440C0F60300FFF7D0FB17
:10B11000019981F88D0002B080BD000084B0ADF8C7
:10B120000C008DF80B100A20C0F20100019040F2D3
:10B13000E830C0F2640000909DF80B00042804DBA6
:10B14000FFE700208DF80F0015E0BDF80C009DF81A
:10B150000B20694631F81210B0FBF1F049F69A1154
:10B16000C1F69911A0FB012101EB8101A0EB410087
:10B170008DF80F00FFE79DF80F0004B07047000046
:10B1800080B586B000F054FC002840F08380FFE7D3
:10B1900000F066FC00287DD1FFE700F079FC002874
:10B1A00078D1FFE700F08CFC002873D1FFE7FFF7B0
:10B1B00023FD00286ED1FFE700F064FD002869D16F
:10B1C000FFE700F0C5FC002864D1FFE7FFF70AFEA7
:10B1D00000285FD1FFE7FFF71DFE00285AD1FFE7E7
:10B1E00000F086FC002855D1FFE700F099FC00280C
:10B1F00050D1FFE740F60841C2F20001002008707C
:10B2000041F29470C2F2000090F8710000F0010069
:10B21000012809D0FFE741F29470C2F2000090F8D3
:10B220007200C007A8B3FFE740F25800C2F2000066
:10B230000168013901600068002829DCFFE740F25D
:10B240005801C2F200019620086041F29470C2F2E7
:10B25000000090F87100C00740B1FFE741F294711F
:10B26000C2F20001002081F87100FFE741F2947002
:10B27000C2F2000090F87200C00740B1FFE741F24F
:10B280009471C2F20001002081F87200FFE7FFE72D
:10B29000FFE7FFE700208DF81700FFE79DF8170094
:10B2A0000A2819DCFFE79DF8171040F26800C2F287
:10B2B000000000EB0110282100F0BEFE9DF81720D1
:10B2C00040F25C01C2F200018854FFE79DF81700CC
:10B2D00001308DF81700E1E740F60840C2F20000A7
:10B2E0000078C007002840F0A183FFE741F2947086
:10B2F000C2F2000090F88C00002840F09783FFE72E
:10B3000040F25C00C2F20000007818BBFFE741F297
:10B310009472C2F200020492108F1086908F908671
:10B32000022082F88600012082F8720082F8710003
:10B3300082F8770082F878000021A2F87A1040F2B3
:10B340002012C2F20002517140F60841C2F200011F
:10B3500008706AE340F25C00C2F20000407828BB4B
:10B36000FFE741F29472C2F200020392B2F8400089
:10B370001086B2F844009086022082F886000120F0
:10B3800082F8720082F8710082F8770082F8780003
:10B390000021A2F87A1040F22012C2F2000251718C
:10B3A00040F60841C2F2000108703DE340F25C0043
:10B3B000C2F20000807828BBFFE741F29472C2F22B
:10B3C00000020292B2F848001086B2F84C00908653
:10B3D000022082F88600012082F8720082F8710053
:10B3E00082F8770082F878000021A2F87A1040F203
:10B3F0002012C2F20002517140F60841C2F200016F
:10B40000087010E340F25C00C2F20000C07828BB74
:10B41000FFE741F29472C2F200020192B2F85000CA
:10B420001086B2F854009086022082F8860001202F
:10B4300082F8720082F8710082F8770082F8780052
:10B440000021A2F87A1040F22012C2F200025171DB
:10B4500040F60841C2F200010870E3E240F25C00ED
:10B46000C2F200000078022818D1FFE741F294717F
:10B47000C2F20001088E0887888E888791F88600BE
:10B4800081F8880040F22011C2F2000101204871C9
:10B4900040F60841C2F200010870C2E240F25C00CE
:10B4A000C2F20000407802281AD1FFE741F29471FD
:10B4B000C2F20001088EA1F84000888EA1F8440075
:10B4C00091F8860081F8890040F22011C2F2000153
:10B4D0000120487140F60841C2F2000108709FE265
:10B4E00040F25C00C2F20000807802281AD1FFE727
:10B4F00041F29471C2F20001088EA1F84800888ED2
:10B50000A1F84C0091F8860081F88A0040F22011E1
:10B51000C2F200010120487140F60841C2F2000168
:10B5200008707CE240F25C00C2F20000C0780228A1
:10B530001AD1FFE741F29471C2F20001088EA1F81E
:10B540005000888EA1F8540091F8860081F88B0095
:10B5500040F22011C2F200010120487140F608417A
:10B56000C2F20001087059E240F25C00C2F2000031
:10B570000079002840D1FFE741F29470C2F2000048
:10B5800090F86900C00780B9FFE741F29471C2F2F8
:10B590000001012081F8690040F60040C4F201007A
:10B5A0004FF4007100F090FB19E041F29470C2F288
:10B5B000000090F86900C00780B1FFE741F2947184
:10B5C000C2F20001002081F8690040F60040C4F298
:10B5D00001004FF4007100F06DFBFFE7FFE740F260
:10B5E0002011C2F200010020487140F60841C2F269
:10B5F00000010120087010E240F25C00C2F200007D
:10B600004079002853D1FFE741F29470C2F2000064
:10B6100090F86800C007D8B9FFE741F29470C2F211
:10B620000000012180F86810018E40F60642C2F247
:10B6300000021180008EB0F5527F08DDFFE741F275
:10B640009471C2F200014FF452700886FFE717E0D0
:10B6500041F29470C2F2000090F86800C00770B127
:10B66000FFE741F29471C2F20001002081F8680006
:10B6700040F60640C2F2000000880886FFE7FFE7B8
:10B6800041F29472C2F20002012082F8710082F845
:10B6900077000021A2F87A1040F22012C2F20002D4
:10B6A000517140F60841C2F200010870B4E140F265
:10B6B0005C00C2F200008079D0B9FFE741F29472D9
:10B6C000C2F200024FF4FA701086012082F8710075
:10B6D00082F877000021A2F87A1040F22012C2F21C
:10B6E0000002517140F60841C2F20001087092E177
:10B6F00040F25C00C2F20000C07980BBFFE741F27B
:10B700009470C2F2000090F88600D8B1FFE741F2D1
:10B710009470C2F2000090F87600C00750B1FFE7C5
:10B7200041F29471C2F20001002081F8760081F8A4
:10B730009000FFE741F29471C2F20001002081F80D
:10B740008600FFE740F22011C2F20001002048719C
:10B7500040F60841C2F20001012008705AE140F2AF
:10B760005C00C2F20000007A002867D1FFE741F2D6
:10B770009470C2F2000090F8860040B9FFE741F2F1
:10B780009471C2F20001022081F8860049E041F282
:10B790009470C2F2000090F8860002281BD1FFE7E7
:10B7A00041F29470C2F2000090F87600C00750B1E8
:10B7B000FFE741F29471C2F20001002081F87600A7
:10B7C00081F89000FFE741F29471C2F2000100207D
:10B7D00081F8860024E041F29470C2F2000090F8F3
:10B7E000860001281BD1FFE741F29470C2F20000ED
:10B7F00090F87600C00750B1FFE741F29471C2F2B1
:10B800000001002081F8760081F89000FFE741F206
:10B810009471C2F20001022081F88600FFE7FFE781
:10B82000FFE740F22011C2F200010020487140F60B
:10B830000841C2F2000101200870EAE040F25C0019
:10B84000C2F20000407A00286BD1FFE741F2947009
:10B85000C2F2000090F8860040B9FFE741F294710F
:10B86000C2F20001012081F886004DE041F294709F
:10B87000C2F2000090F8860002281BD1FFE741F2D7
:10B880009470C2F2000090F87600C00750B1FFE754
:10B8900041F29471C2F20001002081F8760081F833
:10B8A0009000FFE741F29471C2F20001012081F89B
:10B8B000860028E041F29470C2F2000090F8860001
:10B8C00001281FD1FFE741F29470C2F2000090F806
:10B8D0007600C00768B1FFE741F29471C2F200013F
:10B8E000002081F87600012281F8862081F89000FE
:10B8F00007E041F29471C2F20001002081F8860055
:10B90000FFE7FFE7FFE7FFE740F22011C2F2000187
:10B910000020487140F60841C2F200010120087081
:10B9200076E040F25C00C2F20000807A00286ED11E
:10B93000FFE741F29470C2F2000090F88E000128F7
:10B9400008D1FFE741F29471C2F20001002081F8B2
:10B950008E004AE041F29470C2F2000090F88E002E
:10B96000002841D1FFE741F29470C2F2000090F844
:10B970008600012821D1FFE741F29470C2F2000055
:10B9800090F87600C00778B9FFE741F29471C2F2EF
:10B990000001012081F88E0081F8770081F878009D
:10B9A0000020A1F87A0007E041F29471C2F2000190
:10B9B000002081F88E00FFE70EE041F29471C2F2A0
:10B9C0000001012081F88E0081F8770081F878006D
:10B9D0000020A1F87A00FFE740F6FC31C2F2000136
:10B9E0004FF6FF700860FFE7FFE741F29471C2F283
:10B9F00000010020486640F22011C2F200014871A7
:10BA000040F60841C2F2000101200870FFE7FFE79D
:10BA1000FFE7FFE7FFE7FFE7FFE7FFE7FFE7FFE7F6
:10BA2000FFE7FFE7FFE7FFE7FFE7FFE706B080BDBF
:10BA300080B582B041F20000C4F201004FF4806191
:10BA400000F000FA20B9FFE701208DF8070003E0BD
:10BA500000208DF80700FFE79DF8070002B080BDC9
:10BA600080B582B041F20000C4F201004FF40061E1
:10BA700000F0E8F920B9FFE701208DF8070003E0A6
:10BA800000208DF80700FFE79DF8070002B080BD99
:10BA900080B582B040F60000C4F201004FF40041CE
:10BAA00000F0D0F920B9FFE701208DF8070003E08E
:10BAB00000208DF80700FFE79DF8070002B080BD69
:10BAC00080B582B041F20000C4F201004FF4805111
:10BAD00000F0B8F920B9FFE701208DF8070003E076
:10BAE00000208DF80700FFE79DF8070002B080BD39
:10BAF00080B582B041F20000C4F201004FF4004171
:10BB000000F0A0F920B9FFE701208DF8070003E05D
:10BB100000208DF80700FFE79DF8070002B080BD08
:10BB200080B582B040F60040C4F201004FF40051ED
:10BB300000F088F920B9FFE701208DF8070003E045
:10BB400000208DF80700FFE79DF8070002B080BDD8
:10BB500080B582B041F20040C4F20100042100F03F
:10BB600071F920B9FFE701208DF8070003E00020FC
:10BB70008DF80700FFE79DF8070002B080BD0000C8
:10BB800041F29471C2F200014FF4FA7008864FF44A
:10BB90007A728A864FF4C87008878A87022081F8F3
:10BBA00088004FF41673A1F8403040F2DC53A1F83E
:10BBB000443081F889004FF44873A1F848304FF4BD
:10BBC000FA63A1F84C3081F88A00A1F8502040F6C1
:10BBD000C412A1F8542081F88B00002081F886005F
:10BBE00081F8680081F8690081F88C0081F88D0087
:10BBF0007047000080B586B0002001900590049049
:10BC000001F092F80146019803910290FFE7029833
:10BC1000011D029190BBFFE7FCF78EF900900846EA
:10BC2000009941F64802C2F20002D2E90032C91876
:10BC3000504104910590049A059841F63001C2F2F2
:10BC40000001D1E90031D21A884109DAFFE741F653
:10BC50003000C2F20000D0E900010591049008E034
:10BC60000498059941F63002C2F20002C2E90001CF
:10BC7000FFE7FFE7039801F069F9C8E70498059921
:10BC800006B080BD80B582B041F20000C4F2010070
:10BC90004FF4804100F0D6F820B9FFE701208DF87D
:10BCA000070003E000208DF80700FFE79DF807007C
:10BCB00002B080BD82B00190ADF80210BDF8020064
:10BCC0000199486102B0704782B00190ADF802104E
:10BCD000BDF802000199086102B0704781B0009080
:10BCE00000994FF6FF700860009900208871009954
:10BCF000087100990420487100990120C87101B0B1
:10BD00007047000084B00390029102980068ADF87B
:10BD1000000002988079032804D1FFE70020ADF8E5
:10BD200002002FE002988079E0B9FFE7029840799D
:10BD300000F00F00ADF8020002984079182805D1F4
:10BD4000FFE7BDF80000039908610AE00298407916
:10BD5000282805D1FFE7BDF8000003994861FFE7F7
:10BD6000FFE70EE002990A798879C97900F00800A6
:10BD700002F00402104401F003010844ADF802008F
:10BD8000FFE7FFE79DF8000040B3FFE700200190C8
:10BD9000FFE70198072820D8FFE70199BDF80000C8
:10BDA000C840C007A0B1FFE7019881000F2000FA4A
:10BDB00001F20399086890430860BDF802000199F8
:10BDC000890000FA01F20399086810430860FFE750
:10BDD000FFE7019801300190DBE7FFE7BDF80000C5
:10BDE000B0F5807F2CDBFFE79DF80100ADF8000087
:10BDF00000200190FFE70198072820D8FFE701996C
:10BE0000BDF80000C840C007A0B1FFE7019881005D
:10BE10000F2000FA01F20399486890434860BDF88A
:10BE200002000199890000FA01F203994868104361
:10BE30004860FFE7FFE7019801300190DBE7FFE78B
:10BE400004B0704782B00190ADF8021000208DF868
:10BE50000100BDF80200019989680140884204D0C0
:10BE6000FFE700208DF8010003E001208DF80100BC
:10BE7000FFE79DF8010002B07047000085B0049014
:10BE80008DF80F109DF813000021C4F20101084342
:10BE90000290BDF812008DF803000498000A8DF896
:10BEA000020004988DF801009DF802009DF803102F
:10BEB0000844C0F120014FF0FF3088400190019804
:10BEC0009DF802109DF803201144C1F12001C840E3
:10BED000019001989DF80310C840019001989DF8C9
:10BEE000031088400190019A029908689043086005
:10BEF0009DF80F0058B1FFE79DF801009DF8031071
:10BF000000FA01F20299086810430860FFE705B0E3
:10BF10007047000080B582B040F60940C2F20000D0
:10BF20000078022815D1FFE7FEF7DAFD43F600009E
:10BF3000C0F600000190FEF7D5FC019844F63831B8
:10BF4000C4F25411FEF7E2FDFEF7A0FC00F022FD62
:10BF5000FFE702B080BD000080B543F60000C0F6E8
:10BF60000000006844F63831C4F2541188420BD105
:10BF7000FFE7FEF7B5FD43F60000C0F60000FEF750
:10BF8000B1FCFEF783FCFFE780BD000080B5FFF742
:10BF9000C1FF80BD80B584B08DF80F0000200090F7
:10BFA0008DF80E0000F0C0FE01460098029101904D
:10BFB000FFE70198011D019178B9FFE79DF80F0097
:10BFC00000F0010000F0E2FE8DF80E0000F0A4FE8B
:10BFD000FFE7029800F0BAFFEBE701F041FF41F6FE
:10BFE0004801C2F200010020C1E9000041F6500101
:10BFF000C2F20001C1E9000041F65801C2F200019D
:10C00000C1E9000041F63001C2F20001C1E90000BF
:10C0100041F64001C2F20001C1E9000041F63801D9
:10C02000C2F20001C1E90000FBF7A4F99DF80E007F
:10C0300000F0010004B080BD80B584B0039002918F
:10C04000039800780146019103286BD80199DFE835
:10C0500001F0021A5D480399002048600398C06807
:10C060008047012804D1FFE703990120087009E007
:10C0700040F26701C2F20001042008700399002019
:10C080000870FFE74EE00398C0688047012805D19B
:10C09000FFE70399486801304860FFE70398C068EC
:10C0A000804720B9FFE7039902200870FFE7039952
:10C0B0008868013888600398806888B9FFE7039929
:10C0C00032208860039840680299884204DBFFE7C9
:10C0D00003990320087025E003990220087021E0ED
:10C0E00020E00398C068804701280AD1FFE7039940
:10C0F0000320087040F26701C2F2000102200870BC
:10C1000003E0039900200870FFE70BE00399322059
:10C11000886003990020087040F26701C2F20001B4
:10C120000870FFE740F26700C2F20000007804B038
:10C1300080BD000080B5FFF723F880BD80B5FFF714
:10C14000F9FF80BD80B582B040F69730C2F20000A2
:10C1500000780146019120B1FFE7019801281DD028
:10C1600027E0FDF76FFA41F29470C2F2000090F8F8
:10C170009900C00728B1FFE7F9F776F9F9F752F906
:10C1800004E0FCF70BFE02F0F7F9FFE740F6973109
:10C19000C2F200010878013008700BE0FAF7EAF803
:10C1A00000F00EF840F69731C2F20001002008704E
:10C1B00000E0FFE702B080BD80B5FFF7C3FF80BDA0
:10C1C00080B584B020208DF80F0000208DF80E007F
:10C1D00041F29470C2F2000090F89800002840F0FC
:10C1E000AE81FFE741F29470C2F2000090F8901027
:10C1F00090F89100884215D1FFE741F29470C2F2A5
:10C20000000090F8861090F8870088420AD1FFE776
:10C2100041F29470C2F2000090F87600C007002846
:10C2200074D0FFE741F29470C2F2000090F89010D1
:10C2300080F8911090F8861080F8871090F89000A0
:10C2400048B1FFE741F29470C2F2000090F8860016
:10C25000002847D0FFE741F29470C2F2000090F846
:10C26000860020B9FFE720208DF80F0039E041F269
:10C270009470C2F2000090F88600022804D1FFE713
:10C28000A0208DF80F002BE041F29470C2F2000064
:10C2900090F88600012822D1FFE741F29470C2F2A3
:10C2A000000090F87600C007A0B1FFE741F294705B
:10C2B000C2F2000090F87500C00728B9FFE72820F7
:10C2C0006021FAF787FE04E028202021FAF782FE99
:10C2D000FFE703E060208DF80F00FFE7FFE7FFE7CF
:10C2E000FFE70DE041F29470C2F2000090F8900078
:10C2F000012804D1FFE710208DF80F00FFE7FFE7CA
:10C300009DF80F102820FAF765FEFFE740F60A4077
:10C31000C2F20000007800F0010041F29471C2F214
:10C32000000191F8691001F00101884223D1FFE773
:10C3300040F60C40C2F20000007800F0010041F22B
:10C340009471C2F2000191F8681001F00101884275
:10C3500011D1FFE740F60B40C2F20000007800F078
:10C36000010041F29471C2F2000191F88C108842F0
:10C3700000F0E480FFE741F29470C2F2000090F810
:10C38000691001F0010140F60A42C2F20002117088
:10C3900090F8681001F0010140F60C42C2F2000270
:10C3A000117090F88C10002918BF012140F60B4243
:10C3B000C2F20002117090F88C0001285CD1FFE7F6
:10C3C00041F29470C2F2000090F86800C00768B1B2
:10C3D000FFE741F29470C2F2000090F86900C007D4
:10C3E00020B1FFE7D0208DF80E0044E041F29470B8
:10C3F000C2F2000090F86800C00768B1FFE741F2A0
:10C400009470C2F2000090F86900C00720B9FFE7FD
:10C4100050208DF80E002DE041F29470C2F2000021
:10C4200090F86800C00768B9FFE741F29470C2F263
:10C43000000090F86900C00720B1FFE790208DF858
:10C440000E0016E041F29470C2F2000090F868000D
:10C45000C00768B9FFE741F29470C2F2000090F89B
:10C460006900C00720B9FFE710208DF80E00FFE734
:10C47000FFE7FFE7FFE75BE041F29470C2F20000E4
:10C4800090F86800C00768B1FFE741F29470C2F20B
:10C49000000090F86900C00720B1FFE7C0208DF8C8
:10C4A0000E0044E041F29470C2F2000090F868007F
:10C4B000C00768B1FFE741F29470C2F2000090F843
:10C4C0006900C00720B9FFE740208DF80E002DE07D
:10C4D00041F29470C2F2000090F86800C00768B999
:10C4E000FFE741F29470C2F2000090F86900C007C3
:10C4F00020B1FFE780208DF80E0016E041F2947025
:10C50000C2F2000090F86800C00768B9FFE741F286
:10C510009470C2F2000090F86900C00720B9FFE7EC
:10C5200000208DF80E00FFE7FFE7FFE7FFE7FFE7DA
:10C530009DF80E102920FAF74DFDFFE749E041F282
:10C540009470C2F2000090F87C0000F00100012815
:10C5500009D0FFE741F29470C2F2000090F87D002C
:10C56000C00788B1FFE741F29471C2F200010020D8
:10C5700081F87D002820FF210291FAF72BFD029916
:10C580002920FAF727FD23E041F29470C2F200005F
:10C5900090F86F00C007D0B9FFE741F29470C2F283
:10C5A000000090F87D00C00788B9FFE741F2947160
:10C5B000C2F20001012081F87D00282000210191B4
:10C5C000FAF708FD01992920FAF704FDFFE7FFE7D4
:10C5D000FFE704B080BD000080B58CB0002007905C
:10C5E0000B904FF000604FF4804100F0D5F902F05D
:10C5F00089FD02F035FD02F0C3FB02F0D1FC02F030
:10C60000E5FD02F005FC02F0C5FB40F20832C2F283
:10C61000000202920820C4F20200019042F24C4152
:10C62000C4F20101102302F0E1FB019801210691FF
:10C63000FDF7BCF802F090FE02F0ACFA02F03CFA12
:10C6400002F0F2FD02F020FE02F056FB02F03AFB8F
:10C6500002F0E6FE02990798C861886148610861A6
:10C66000C86088604860086001F05CFA41F62410F8
:10C67000C2F20000059082684BF68D70C0F6000093
:10C680006421039190470598826849F6F920C0F625
:10C6900000004FF47A719047059882684CF611506B
:10C6A000C0F600000A210491904704990598826819
:10C6B0004CF2B910C0F600009047039905988268C3
:10C6C00047F66920C0F600009047039905988268F4
:10C6D00046F23110C0F60000904703990598826831
:10C6E0004CF23D10C0F6000090470499059882680E
:10C6F00048F24100C0F600009047059882684FF26A
:10C700005540C0F6000028219047059882684AF6F7
:10C71000D920C0F60000322190470699059882681A
:10C7200047F6E560C0F6000090470698FFF732FC38
:10C7300006990798F9F79EFA41F29470C2F2000048
:10C74000F9F704FD40F2C010C2F200000621FDF727
:10C75000E7F940F29820C2F200000721FDF7E0F966
:10C7600040F20820C2F200000E21FDF7D9F940F294
:10C770005020C2F200000821FDF7D2F941F6441022
:10C78000C2F20000B7EE000A8DED080A9FED131A01
:10C790008DED091ADFED121ACDED0A1AF0EE410AFD
:10C7A000F8F71EFE9DED080A9DED091ADDED0A1A47
:10C7B00040F64430C2F20000F0EE410AF8F710FEF5
:10C7C000FAF7A4FBF8F7A8FAFFF7C6FBFFE741F674
:10C7D0002410C2F2000040688047F8E70000000023
:10C7E0000000704280B584B002900298006C0E2860
:10C7F0002AD8FFE7029890F84600FEF715FA00EEF7
:10C80000100AB8EE400A0298016C00EB810080ED3E
:10C81000000A0298016C00EB810191ED001A90ED85
:10C820000F0AB8EE400A30EE010ABCEEC00A80EDF5
:10C830000F0A0299086C013008640299C86B096CF0
:10C84000B0FBF1F003901DE00299C86B48F6890235
:10C85000C8F688020192A0FB0232A0EBD200C863A6
:10C86000029890F84600FEF7DFF901990346029A14
:10C87000D06B1844D0630298C06BA0FB0110C008B5
:10C880000390FFE7039804B080BD000083B00190DF
:10C8900000910198006C0E281AD8FFE79DED000A60
:10C8A000B8EE400A0198016C00EB810080ED000AAF
:10C8B000009A0199C86B1044C8630199086C013053
:10C8C00008640199C86B096CB0FBF1F002903AE082
:10C8D0000198B0F8441000EB810191ED001A90ED41
:10C8E0000F0AB8EE400A30EE410ABCEEC00A80EDF5
:10C8F0000F0A9DED000AB8EE400A0198B0F8441006
:10C9000000EB810080ED000A009A0199C86B104489
:10C91000C8630199B1F84400013041F21212C1F22A
:10C920001112A0FB0232C2EB0212801AA1F84400DD
:10C930000198C06B48F68901C8F68801A0FB011078
:10C94000C0080290FFE7029803B0704780B584B03A
:10C950008DF80F000291019200200090FAF786FCFA
:10C960000299019AF9F7AEFB00909DF90F0000992A
:10C97000FAF7A6FC9DF90F00FAF758FC04B080BD49
:10C9800080B582B08DF807009DF80700FAF7BAFC71
:10C9900002B080BDFAF7D4FC82B0019000910198FA
:10C9A00000994FF68072C1F6FF72114008434EF6AF
:10C9B0000851CEF20001086002B0704780B582B025
:10C9C00041F29470C2F20000012180F8761090F8D4
:10C9D0008600022838D1FFE740F21001C2F20001C0
:10C9E000019108680138086040F60000C4F20100B7
:10C9F0000121FFF769F940F60040C4F201004FF44D
:10CA00008051FFF761F9019841F29472C2F200027D
:10CA1000002182F88E100068002814DCFFE741F244
:10CA20009471C2F20001002081F8900081F88F001B
:10CA3000012281F88E2081F8760040F68431C2F21E
:10CA400000010870FFE722E041F29470C2F200009A
:10CA500090F88600012819D1FFE741F29472C2F2E2
:10CA60000002012182F88F10002082F88E0040F62B
:10CA70000000C4F20100FFF727F940F60040C4F2BD
:10CA800001004FF48051FFF71FF9FFE7FFE702B005
:10CA900080BD000080B582B041F29470C2F2000007
:10CAA00090F89800012809D0FFE741F29470C2F293
:10CAB000000090F89800022808D1FFE741F2947135
:10CAC000C2F20001002081F88E0072E041F2947001
:10CAD000C2F2000090F88E1090F88F00884267D064
:10CAE000FFE741F29470C2F2000090F88F00A8BBFB
:10CAF000FFE741F29470C2F2000090F88E00012826
:10CB00002CD1FFE741F29470C2F2000090F892003D
:10CB1000C00710B3FFE740F6FC31C2F200014FF648
:10CB2000FF70086040F60040C4F201004FF48051ED
:10CB3000FFF7C0F840F60000C4F2010001210191A6
:10CB4000FFF7B8F8019841F29471C2F20001002297
:10CB500081F8922081F88F00FFE728E041F294707D
:10CB6000C2F2000090F88F0001281FD1FFE741F2C8
:10CB70009470C2F2000090F88E00B8B9FFE741F25D
:10CB80009471C2F20001002081F88F0040F600404D
:10CB9000C4F201004FF48051FFF796F840F6000010
:10CBA000C4F201000121FFF78FF8FFE7FFE7FFE77D
:10CBB000FFE702B080BD000080B541F28610C2F2EE
:10CBC00000000188013101800088052809D1FFE7B4
:10CBD00000F00EF841F28611C2F200010020088038
:10CBE000FFE741F28810C2F20000F9F759FC80BD5E
:10CBF00080B588B041F28C70C2F200000078014626
:10CC0000079140B1FFE70798012872D0FFE7079826
:10CC100002287AD07AE041F28811C2F20001039131
:10CC2000D12081F8020101F581700590012281F87F
:10CC3000032181F804210423009381F805314FF08A
:10CC4000020CCDF818C081F806C10023049381F8C6
:10CC500007314FF00A0E81F808E181F809C181F827
:10CC60000A214FF0030C81F80BC181F80C2181F8E7
:10CC70000D3181F80E3181F80F3181F8103181F8D2
:10CC8000113181F81231C1F8043201F501710191BD
:10CC90001023FBF7E9FB00990198FBF799FC41F29F
:10CCA0009071C2F2000102910860FBF7B3FC029A96
:10CCB000039B0498059992F803C083F813C1B2F856
:10CCC00002C083F814C1D2F800C04FEA1C2C83F8CC
:10CCD00015C1126883F81621F02283F81721162255
:10CCE00001F004FB069841F28C71C2F20001087059
:10CCF0000CE041F28C71C2F200010220087040F693
:10CD00000941C2F20001087000E0FFE708B080BDF1
:10CD100080B5FFF751FF80BD4EF60451CEF2000101
:10CD20004FF000700860704782B0EFF31080019000
:10CD30000198009072B6009802B0704782B0EFF38D
:10CD4000108001900198009072B6009802B0704770
:10CD50004EF21400CEF2000000684EF21801CEF23E
:10CD600000010968401A4FF0000161F100017047AD
:10CD700040F20800C2F20000006870474EF2140052
:10CD8000CEF20000006800217047000080B584B03A
:10CD90008DF80F00FFE79DF80F00C00708B1FFE70F
:10CDA00024E0FFF7CBFF029000200190FFE70198FD
:10CDB000011D0191C8B9FFE74EF21001CEF200014A
:10CDC000002008604EF21403CEF200036FF07F42A1
:10CDD0001A604EF21802CEF20002106007200860BE
:10CDE000FFE7029800F0BCF8E1E7FFE7012004B09C
:10CDF00080BD000010B594B0FFF7C0FF0590084655
:10CE00000599013140F1000012911390FFF78CFF5A
:10CE1000119000201090FFE71098011D109100283C
:10CE200046D1FFE7DDF848C0139B41F64802C2F245
:10CE30000002D2E9000110EB0C005941C2E90001E7
:10CE4000FFE741F66000C2F2000004900168129A08
:10CE50001398891840F100000E910F900E980F99C9
:10CE600040F21812C2F20002039212680023F7F790
:10CE7000B5F9039A0B4604990D930C900C9CDDF8C0
:10CE800034E041F6500CC2F2000CDCE9000300195A
:10CE900043EB0E03CCE900030E9B0C98126800FBD9
:10CEA00012300860FFE7FFE7119800F04FF8B3E792
:10CEB000FFF73AFF0B9000200A90FFE70A98011D48
:10CEC0000A91C0BBFFE7FFE741F66400C2F2000031
:10CED00002900168129A1398891840F10000089195
:10CEE00009900898099940F21C12C2F200020192BE
:10CEF00012680023F7F772F9019A0B46029907931B
:10CF00000690069CDDF81CE041F6580CC2F2000CBD
:10CF1000DCE90003001943EB0E03CCE90003089B96
:10CF20000698126800FB12300860FFE7FFE70B98D5
:10CF300000F00CF8C2E714B010BD00004EF604502B
:10CF4000CEF200000068C0F38060704782B00090AD
:10CF500000980190019880F3108802B0704700009B
:10CF600082B0009000980190019880F3108802B080
:10CF70007047000084B003900291ADF806200020B5
:10CF8000009003990880039948800299039A916060
:10CF9000BDF80610039A91800090FFE7009803996E
:10CFA000898888420ADAFFE703988168009A00209E
:10CFB0008854FFE7009801300090EFE7002004B0AC
:10CFC0007047000081B00090009908884988401A95
:10CFD000B0FA80F0400901B07047000081B00090C5
:10CFE00000990888431C8A88B3FBF2F000FB1230DA
:10CFF0004988401AB0FA80F0400901B0704700003B
:10D0000080B584B0029001910298FFF7DBFF20B158
:10D01000FFE702208DF80F0012E002998868498826
:10D02000405C0199087002994888431C8A88B3FBC8
:10D03000F2F000FB1230488000208DF80F00FFE76F
:10D040009DF80F0004B080BD80B584B002908DF8CB
:10D0500007100298FFF7C2FF20B1FFE701208DF80B
:10D060000F0012E09DF80700029A91681288885418
:10D0700002990888431C8A88B3FBF2F000FB123047
:10D08000088000208DF80F00FFE79DF80F0004B026
:10D0900080BD000080B588B0002007900690059004
:10D0A000049003900290FBF709FE8DF807009DF8AD
:10D0B00007000146009140B1FFE7009801282BD0FE
:10D0C000FFE70098022831D090E041F25400C4F20A
:10D0D00002000068400AC00798B1FFE741F2300043
:10D0E000C4F202000068400EC00750B1FFE740F2F2
:10D0F0000801C2F2000146F60040C0F2DC200860E0
:10D1000009E040F20801C2F2000141F20020C0F241
:10D110007A000860FFE773E040F20801C2F2000104
:10D1200041F20020C0F27A00086069E041F2040098
:10D13000C4F202000168C1F3004104910168C1F327
:10D14000834106910068C0F341700590059820B9AD
:10D15000FFE706980F2807D1FFE70599069800EB2F
:10D1600001100130069003E0069802300690FFE7B8
:10D17000049860B9FFE7069840F60011C0F23D013F
:10D18000484340F20801C2F2000108602DE041F27C
:10D190000400C4F202000068400CC007C0B1FFE701
:10D1A00041F25400C4F202000068C0F3013007905D
:10D1B0000798811C41F20020C0F27A00B0FBF1F028
:10D1C0000699484340F20801C2F2000108600BE0F2
:10D1D000069841F20021C0F27A01484340F208016A
:10D1E000C2F200010860FFE7FFE709E040F2080132
:10D1F000C2F2000141F20020C0F27A000860FFE7AD
:10D2000041F20400C4F202000068C0F3031003906E
:10D2100003994FF2C140C0F60000405C029040F21A
:10D220000801C2F200010868029AD040086008B004
:10D2300080BD000081B08DF803009DF80300042834
:10D2400009D1FFE74EF21001CEF20001086840F06C
:10D250000400086008E04EF21001CEF200010868F8
:10D2600020F004000860FFE701B0704780B584B08B
:10D270008DF80F0000208DF80E008DF80E00FFE7EE
:10D280009DF80E0007283CDCFFE79DF80F00000624
:10D29000002809D5FFE741F20000C4F201004FF475
:10D2A0008071FEF711FD08E041F20000C4F20100B8
:10D2B0004FF48071FEF7FEFCFFE701200290FCF7BF
:10D2C0002BFA41F20000C4F2010000904FF400710B
:10D2D0000191FEF7F9FC0298FCF71EFA00980199FB
:10D2E000FEF7E8FC0298FCF717FA9DF80F004000E3
:10D2F0008DF80F00FFE79DF80E0001308DF80E004D
:10D30000BEE7F7F7F1FA04B080BD000080B584B045
:10D310008DF80F0000208DF80E008DF80E00FFE74D
:10D320009DF80E00032839DCFFE79DF80F0000068A
:10D33000002809D5FFE741F20000C4F201004FF4D4
:10D340008071FEF7C1FC08E041F20000C4F2010068
:10D350004FF48071FEF7AEFCFFE701200090FCF770
:10D36000DBF941F20000C4F2010001904FF40071BA
:10D370000291FEF7A9FC0098FCF7CEF901980299FA
:10D38000FEF798FC9DF80F0040008DF80F00FFE7B6
:10D390009DF80E0001308DF80E00C1E704B080BD8D
:10D3A00080B584B041F20000C4F2010002904FF455
:10D3B00080710191FEF788FC02984FF4007103918F
:10D3C000FEF782FC01990298FEF77EFC0120FCF733
:10D3D000A3F901990298FEF76DFC0520FCF79CF972
:10D3E00002980399FEF766FC04B080BD80B584B056
:10D3F00041F20000C4F2010002904FF480710391E9
:10D40000FEF758FC02984FF400710191FEF75CFCA6
:10D4100001200090FCF780F902980399FEF754FC74
:10D420000098FCF779F901990298FEF74DFC0298F3
:10D430000399FEF749FC04B080BD000083B0029060
:10D440000191009201980299C8620098029988623D
:10D450000299486940F00100486103B0704700003C
:10D4600085B004908DF80F1002929DF80F00ADF872
:10D470000600BDF8060001460091062816D800995E
:10D48000DFE801F0041408140C1410000298049949
:10D4900048630CE002980499886308E002980499B4
:10D4A000C86304E002980499086400E0FFE705B04F
:10D4B0007047000082B001908DF803109DF80320A2
:10D4C0000199086802F0030220F4407040EA02204B
:10D4D000086002B07047000082B001908DF8031020
:10D4E0009DF803200199086802F0070220F07000FF
:10D4F00040EA0210086002B07047000082B001905C
:10D500008DF803109DF803200199086862F300006C
:10D51000086002B07047000082B00190009100984E
:10D52000C0430199086102B07047000083B00290C7
:10D5300001918DF803209DF80300012806D1FFE733
:10D54000019A0299C8681043C8600AE09DF8030078
:10D5500030B9FFE7019A0299C8689043C860FFE7B5
:10D56000FFE703B07047000083B0029001910020F4
:10D570008DF8030002980069019908420AD0FFE77C
:10D580000298C0680199084204D0FFE701208DF895
:10D59000030003E000208DF80300FFE79DF803007F
:10D5A00003B0704783B002908DF807108DF8062005
:10D5B0009DF80700ADF80400BDF804000146009195
:10D5C000062836D80099DFE801F0043410341C3402
:10D5D00028009DF806200299886902F0010220F0D7
:10D5E000080040EAC200886124E09DF80620029904
:10D5F000886902F0010220F4006040EAC2208861DC
:10D6000018E09DF806200299C86902F0010220F096
:10D61000080040EAC200C8610CE09DF806200299AB
:10D62000C86902F0010220F4006040EAC220C8612B
:10D6300000E0FFE703B0704787B006908DF8171041
:10D6400004920020ADF80E00ADF80C00ADF80A0011
:10D650009DF817000830ADF808009DF81700093054
:10D66000ADF8060004984078BDF808108840ADF881
:10D670000E0004988078BDF806108840ADF80C00C4
:10D68000BDF80610012000FA01F3069A516899438B
:10D690005160BDF80C30069A516819435160BDF8CD
:10D6A000081000FA01F3069A516899435160BDF8D9
:10D6B0000E30069A5168194351609DF81710ADF865
:10D6C0000A109DF817104900ADF808109DF81720B2
:10D6D000022101EB4201ADF80610BDF8061000FA78
:10D6E00001F3069A116A99431162BDF8081000FA15
:10D6F00001F20699086A90430862BDF80A000146E3
:10D70000009106284AD80099DFE801F0044815483E
:10D71000264837000699886920F00300886104983C
:10D7200002780699886902F0070220F0700040EA4A
:10D730000210886133E00699886920F4407088619E
:10D74000049802780699886902F0070220F4E04004
:10D7500040EA0230886122E00699C86920F003009F
:10D76000C861049802780699C86902F0070220F09F
:10D77000700040EA0210C86111E00699C86920F4FF
:10D780004070C861049802780699C86902F00702DF
:10D7900020F4E04040EA0230C86100E0FFE79DF875
:10D7A000170040000130ADF808009DF81710032065
:10D7B00000EB4100ADF806000498C078BDF80810F1
:10D7C0008840ADF80E0004980079BDF80610884036
:10D7D000ADF80C00BDF80610012000FA01F3069A1E
:10D7E000116A99431162BDF80C30069A116A194307
:10D7F0001162BDF8081000FA01F20699086A904318
:10D800000862BDF80E200699086A10430862049861
:10D8100040799DF8171049008840ADF80E00049833
:10D8200080799DF81720022101EB42018840ADF874
:10D830000C00BDF80C200699086A10430862BDF878
:10D840000E200699086A1043086207B0704700006E
:10D8500083B002908DF807108DF806209DF8070020
:10D86000ADF80400BDF8040001460091062836D842
:10D870000099DFE801F0043410341C3428009DF8CE
:10D8800006200299886902F0010220F0040040EAB3
:10D890008200886124E09DF806200299886902F0E0
:10D8A000010220F4806040EA8220886118E09DF83F
:10D8B00006200299C86902F0010220F0040040EA43
:10D8C0008200C8610CE09DF806200299C86902F048
:10D8D000010220F4806040EA8220C86100E0FFE796
:10D8E00003B0704782B001908DF803109DF80320BB
:10D8F0000199086802F0010220F0800040EAC2109D
:10D90000086002B07047000082B001908DF80310EB
:10D910009DF803200199486802F0070220F070008A
:10D9200040EA0210486002B07047000082B00190E7
:10D930008DF803109DF803200199086B20F0FF007B
:10D940001044086302B0704782B001908DF8031054
:10D950009DF803200199886802F0010220F0800000
:10D9600040EAC210886002B07047000083B00190A6
:10D97000ADF8021041F2E400C2F2000090F89C0001
:10D980000A282FDCFFE7019941F2E402C2F200020B
:10D9900002F1180092F89C3003EB430340F8231087
:10D9A000BDF8021092F89C3003EB430300EB8303B5
:10D9B000D980BDF8021092F89C3003EB430300EBD2
:10D9C0008303998092F89C1001EB410100EB8101E7
:10D9D0000020087292F89C10013182F89C108DF89A
:10D9E0000B0003E001208DF80B00FFE79DF80B0012
:10D9F00003B0704784B0029041F2E400C2F200002C
:10DA000090F89C0001287CDBFFE74EF21001CEF27B
:10DA10000001086820F00100086000208DF8070070
:10DA2000FFE79DF8070041F2E401C2F2000191F81E
:10DA30009C10884264DAFFE79DF8070000EB400184
:10DA400041F2E400C2F2000000EB8100806902991B
:10DA500088424ED1FFE741F2E400C2F2000000F13B
:10DA60001801009190F89C20013A80F89C2090F8D1
:10DA70009C2002EB420251F822209DF8073003EB74
:10DA8000430341F8232090F89C2002EB420201EB73
:10DA90008202D2889DF8073003EB430301EB830336
:10DAA000DA8090F89C2002EB420201EB820292881D
:10DAB0009DF8073003EB430301EB83039A8090F852
:10DAC0009C0000EB400001EB8000007A9DF80720ED
:10DAD00002EB420201EB820108724EF21001CEF21B
:10DAE0000001086840F00100086000208DF80F0078
:10DAF00013E0FFE79DF8070001308DF8070090E77D
:10DB0000FFE74EF21001CEF20001086840F001007C
:10DB1000086001208DF80F00FFE79DF80F0004B0AA
:10DB20007047000010B541F2E401C2F200014DF669
:10DB30009D30C0F6000048604DF67150C0F6000000
:10DB400008604DF66D10C0F6000088604DF6F510C7
:10DB5000C0F60000C8604DF6D940C0F6000008616C
:10DB60004DF65140C0F600004861002081F89C004D
:10DB700008684A688B68D1F80CC0D1F810E04C698D
:10DB800041F62411C2F200014C61C1F810E0C1F865
:10DB90000CC08B604A60086010BD000080B582B088
:10DBA00000208DF80700FFE79DF8070041F2E4012F
:10DBB000C2F2000191F89C10884246DAFFE79DF816
:10DBC000070000EB400141F2E400C2F2000000EB6C
:10DBD0008100808B90BBFFE79DF8070000EB4001C0
:10DBE00041F2E400C2F2000000EB810090F8200056
:10DBF000012823D0FFE79DF8070000EB400141F228
:10DC0000E400C2F20000183000EB8102D18891805C
:10DC10009DF8071001EB410150F8210068B1FFE7C2
:10DC20009DF8070000EB400141F2E400C2F2000061
:10DC300000EB810080698047FFE7FFE7FFE79DF881
:10DC4000070001308DF80700AEE702B080BD00008C
:10DC500083B001908DF8031000208DF80200FFE7DB
:10DC60009DF8020041F2E401C2F2000191F89C101B
:10DC7000884228DAFFE79DF8020000EB400141F2FC
:10DC8000E400C2F2000000EB810080690199884243
:10DC900012D1FFE79DF803009DF8021001EB41024D
:10DCA00041F2E401C2F2000101EB820181F820009F
:10DCB00000208DF80B000AE0FFE79DF8020001301C
:10DCC0008DF80200CCE701208DF80B00FFE79DF8EE
:10DCD0000B0003B07047000083B00190ADF8021054
:10DCE00000208DF80100FFE79DF8010041F2E401FA
:10DCF000C2F2000191F89C10884231DAFFE79DF8EA
:10DD0000010000EB400141F2E400C2F2000000EB30
:10DD100081008069019988421BD1FFE7BDF80200AC
:10DD20009DF8011001EB410241F2E401C2F2000151
:10DD3000183101EB82029080BDF802009DF80120AD
:10DD400002EB420201EB8201C88000208DF80B003B
:10DD50000AE0FFE79DF8010001308DF80100C3E7FC
:10DD600001208DF80B00FFE79DF80B0003B0704712
:10DD700081B000208DF80300FFE79DF8030041F219
:10DD8000E401C2F2000191F89C10884223DAFFE717
:10DD90009DF8030000EB400141F2E400C2F20000F4
:10DDA00000EB8100808B01280EDBFFE79DF803006C
:10DDB00000EB400141F2E400C2F2000000EB8101FF
:10DDC000888B01388883FFE7FFE79DF80300013067
:10DDD0008DF80300D1E701B07047000080B582B034
:10DDE0008DED010ACDED000A40F24410C2F20000B0
:10DDF00090ED000A9DED011AB4EE410AF1EE10FA21
:10DE00000FD0FFE7019840F24411C2F20001086010
:10DE10009DED010ABDEEC00A10EE100AF6F7FCFDFA
:10DE2000FFE740F24810C2F2000090ED000A9DEDBD
:10DE3000001AB4EE410AF1EE10FA0FD0FFE7009895
:10DE400040F24811C2F2000108609DED000ABDEEEB
:10DE5000C00A10EE100AF6F72BFEFFE702B080BDF5
:10DE600080B584B0FEF784FF039003984DF683617C
:10DE7000C4F21B31A0FB0110800C40F21C11C2F255
:10DE800000010860039844F6D351C1F26201A0FB7F
:10DE90000110800940F21811C2F200010860FEF77B
:10DEA00043FF029000200190FFE70198011D0191BE
:10DEB00008BBFFE7FDF79EFE40F6F032C2F200021B
:10DEC000C2E90001FFE7BFF34F8FBFF36F8FFFE79A
:10DED000FDF790FE40F6F031C2F20001D1E90012E8
:10DEE000401A40F60041C2F200010860FFE70298C4
:10DEF000FFF72CF8D9E704B080BD000081B0009096
:10DF00000098406880B201B07047000082B0019074
:10DF1000ADF80210BDF802006FF35F200199486070
:10DF200002B0704782B001908DF803109DF8032075
:10DF30000199C86802F0010220F4005040EA423022
:10DF4000C86002B07047000082B0019000919DF857
:10DF50000000C00628B1FFE70198006801984068FA
:10DF600004E00098C04301990860FFE702B07047E1
:10DF700083B001900091019800680099084204D094
:10DF8000FFE701208DF80B0003E000208DF80B0067
:10DF9000FFE79DF80B0003B07047000082B00190CE
:10DFA0008DF803109DF8030058B9FFE701994869FF
:10DFB00020F4807048610199486920F4007048613C
:10DFC00032E09DF8030001280BD1FFE70199486971
:10DFD00040F4807048610199486920F400704861FC
:10DFE00021E09DF8030002280BD1FFE70199486961
:10DFF00020F4807048610199486940F400704861DC
:10E0000010E09DF8030003280BD1FFE70199486950
:10E0100040F4807048610199486940F4007048619B
:10E02000FFE7FFE7FFE7FFE702B0704780B58AB080
:10E03000099008918DF81F208DF81E3002A8FAF77C
:10E0400009FC099843F60001C4F20101884218D086
:10E05000FFE7099846F20001C4F20101884210D09E
:10E06000FFE7099846F20041C4F20101884208D056
:10E07000FFE7099846F60001C4F20101884203D186
:10E08000FFE70498019002E005980190FFE70198EE
:10E0900000EB800040000899B0FBF1F00090009880
:10E0A0004CF6CD41CCF6CC41A0FB0121C90801EBD7
:10E0B0008101A0EB410004280AD8FFE700984CF644
:10E0C000CD41CCF6CC41A0FB0110C00800900BE084
:10E0D00000984CF6CD41CCF6CC41A0FB01010120CB
:10E0E00000EBD1000090FFE7BDF800200999886897
:10E0F0004FF6FF739843104488609DF81F200999DC
:10E10000C86802F0010220F4805040EA0230C86082
:10E110009DF81E200999086902F0030220F440507E
:10E1200040EA023008610AB080BD000083B002906E
:10E1300001918DF803209DF8030001280CD1FFE721
:10E14000019800F01F02012101FA02F30299020C6A
:10E150008858184388500BE0019800F01F020121F5
:10E1600001FA02F30299020C885898438850FFE79D
:10E1700003B0704782B001908DF803109DF8030042
:10E1800058B9FFE70199C86820F40070C860019988
:10E19000C86820F48060C86021E09DF80300012871
:10E1A0000BD1FFE70199C86820F40070C86001999D
:10E1B000C86840F48060C86010E09DF80300022841
:10E1C0000BD1FFE70199C86840F40070C86001995D
:10E1D000C86840F48060C860FFE7FFE7FFE702B06F
:10E1E0007047000080B586B08DF8150004910020BE
:10E1F000ADF80E009DF8150030B9FFE741F6B40008
:10E20000C2F2000002902FE09DF81500012806D10F
:10E21000FFE741F6D800C2F20000029023E09DF82B
:10E220001500022806D1FFE741F6FC00C2F200000B
:10E23000029017E09DF81500032806D1FFE741F68C
:10E240006C00C2F2000002900BE09DF8150004285B
:10E2500006D1FFE741F69000C2F200000290FFE70E
:10E26000FFE7FFE7FFE7FFE70298407B022805D0C2
:10E27000FFE7BDF80E00ADF8160021E0FFE70298B9
:10E280000499FEF7BDFE8DF807009DF8070048B918
:10E29000FFE7BDF80E000130ADF80E000498013024
:10E2A0000490FFE7FFE79DF807000228E7D1FFE7AA
:10E2B000029900204873BDF80E00ADF81600FFE784
:10E2C000BDF8160006B080BD82B001908DF8031035
:10E2D0009DF803200199C86802F0010220F00400B3
:10E2E00040EA8200C86002B07047000080B586B086
:10E2F0008DF815000491ADF80E200020ADF8060051
:10E30000ADF804009DF8150030B9FFE741F6B40000
:10E31000C2F2000002902FE09DF81500012806D1FE
:10E32000FFE741F6D800C2F20000029023E09DF81A
:10E330001500022806D1FFE741F6FC00C2F20000FA
:10E34000029017E09DF81500032806D1FFE741F67B
:10E350006C00C2F2000002900BE09DF8150004284A
:10E3600006D1FFE741F69000C2F200000290FFE7FD
:10E37000FFE7FFE7FFE7FFE70020ADF80400FFE756
:10E38000BDF80400BDF80E10884216DAFFE70298C7
:10E3900010300499BDF80420895CFEF755FE28B1C1
:10E3A000FFE7BDF80400ADF8160024E0FFE7BDF874
:10E3B00004000130ADF80400E2E70298407F012834
:10E3C00005D1FFE7BDF80400ADF8160013E0029890
:10E3D00010300DF10301FEF713FE0298006A9DF85C
:10E3E0000310FFF793FD029901204877BDF8040060
:10E3F000ADF81600FFE7BDF8160006B080BD0000BE
:10E4000082B001908DF803109DF803200199C8682F
:10E4100002F0010220F0080040EAC200C86002B029
:10E420007047000080B582B08DED010ACDED000A85
:10E4300040F24C10C2F2000090ED000A9DED011A6E
:10E44000B4EE410AF1EE10FA0FD0FFE7019840F266
:10E450004C11C2F2000108609DED010ABDEEC00A38
:10E4600010EE100AF6F77AFBFFE740F25010C2F206
:10E47000000090ED000A9DED001AB4EE410AF1EEA5
:10E4800010FA0FD0FFE7009840F25011C2F20001DD
:10E4900008609DED000ABDEEC00A10EE100AF6F706
:10E4A000A9FBFFE702B080BD80B582B040F2550005
:10E4B000C2F20000007801460191092853D8019961
:10E4C000DFE801F0050A0F141A1F24292F5001213B
:10E4D0000846F9F781F947E00A200121F9F77CF9AC
:10E4E00042E064200121F9F777F93DE04FF47A70BA
:10E4F0000121F9F771F937E001200021F9F76CF9F2
:10E5000032E00A200021F9F767F92DE064200021AC
:10E51000F9F762F928E04FF47A700021F9F75CF915
:10E5200022E041F29470C2F2000090F86B100131C9
:10E5300080F86B10002180F86C1090F86B000528B3
:10E5400008DBFFE741F29471C2F20001002081F87C
:10E550006B00FFE741F29471C2F20001002081F8E4
:10E56000730001E0FFE7FFE740F25501C2F200014E
:10E570000920087002B080BD80B541F29470C2F2EB
:10E58000000090F87100C007E8B3FFE741F2947112
:10E59000C2F20001488E098E884208D0FFE741F29E
:10E5A0009470C2F20000008EF8F708FAFFE741F21B
:10E5B0009471C2F200010020486640F25410C2F289
:10E5C0000000016801390160006800281ADCFFE7DB
:10E5D00041F29470C2F2000090F86B0090B9FFE72E
:10E5E00040F25411C2F2000140F6B830086041F226
:10E5F0009471C2F20001002081F871004FF6FF70A3
:10E600004886FFE758E041F29470C2F2000090F8AB
:10E610009000E0B9FFE741F29470C2F2000090F878
:10E620009800A0B9FFE741F29471C2F20001002006
:10E630004866488E098E884208D0FFE741F2947000
:10E64000C2F20000008EF8F7B9F9FFE733E041F2BB
:10E650009470C2F2000090F89000012808D0FFE703
:10E6600041F29470C2F2000090F8980010B3FFE7F6
:10E6700041F29470C2F20000416E01394166406E71
:10E68000002816DCFFE741F29471C2F20001C820B5
:10E6900048664889098988420AD0FFE741F29470A8
:10E6A000C2F20000018941810089F6F7F9FAFFE71B
:10E6B000FFE7FFE7FFE7FFE780BD000084B08DF8CC
:10E6C0000F009DF80F00013801460291092800F261
:10E6D000FC800299DFE811F00A005C00F700F80006
:10E6E000B000CF00F000D000AE00AF0041F2947057
:10E6F000C2F2000090F88C00002848D1FFE741F2F8
:10E700009470C2F2000090F86B0001460191042859
:10E7100028D80199DFE801F0030A11181F0040F220
:10E720005501C2F20001012008701CE040F25501C1
:10E73000C2F200010320087015E040F25501C2F258
:10E740000001022008700EE040F25501C2F2000103
:10E750000120087007E040F25501C2F200010020DC
:10E76000087000E0FFE741F29472C2F2000201215A
:10E7700082F877100020A2F87A0082F8731082F8ED
:10E78000711040F22011C2F200014871FFE79DE0D4
:10E7900041F29470C2F2000090F88C00002848D139
:10E7A000FFE741F29470C2F2000090F86B0001465E
:10E7B0000091042828D80099DFE801F0030A111815
:10E7C0001F0040F25501C2F20001052008701CE054
:10E7D00040F25501C2F200010720087015E040F236
:10E7E0005501C2F20001062008700EE040F255010A
:10E7F000C2F200010520087007E040F25501C2F2A4
:10E8000000010420087000E0FFE741F29472C2F2B8
:10E810000002012182F877100020A2F87A0082F825
:10E82000731082F8711040F22011C2F20001487199
:10E83000FFE74BE04AE049E041F29470C2F2000089
:10E8400090F88C00B0B9FFE740F25501C2F2000128
:10E850000820087041F29472C2F20002002082F88F
:10E860007300012182F8711040F22011C2F2000100
:10E870004871FFE72AE029E040F60540C2F20000B7
:10E880000078C007B8B9FFE741F29471C2F2000105
:10E8900091F88C00B0FA80F0400981F88C0040F2C9
:10E8A0002011C2F200010120487140F60541C2F278
:10E8B00000010870FFE709E040F60541C2F20001DF
:10E8C0000020087002E001E000E0FFE741F29470F0
:10E8D000C2F2000090F86B00A8B3FFE79DF80F00AC
:10E8E00040BBFFE741F29471C2F20001002081F8C1
:10E8F000730040F29010C2F200000168013901601B
:10E900000068002815DCFFE740F29011C2F2000118
:10E9100040F6B830086041F29471C2F20001002064
:10E9200081F86B0081F8710048664FF6FF704881EE
:10E93000FFE707E040F29011C2F2000140F6B83064
:10E940000860FFE7FFE704B07047000080B584B0BF
:10E9500041F68610C2F20000008841F29471C2F2C2
:10E960000001098E884208D1FFE741F68410C2F207
:10E9700000000078002860D1FFE741F29470C2F2F5
:10E980000000018E41F68612C2F200021180008E54
:10E99000B0F5FA7F0DDAFFE741F20000C4F20100A2
:10E9A00003900421FDF786F903980221FDF78CF905
:10E9B0003BE041F29470C2F20000008EB0F5AF6F00
:10E9C0000DDAFFE741F20000C4F2010002900421D9
:10E9D000FDF77AF902980221FDF776F924E041F279
:10E9E0009470C2F20000008E40F6330188420DDCC4
:10E9F000FFE741F20000C4F2010001900421FDF79D
:10EA000059F901980221FDF755F90CE041F2000097
:10EA1000C4F2010000900421FDF756F9009802218C
:10EA2000FDF748F9FFE7FFE7FFE741F29471C2F213
:10EA30000001012081F89200FFE704B080BD0000D2
:10EA400043F20001C4F200014AF6AA2008607047B0
:10EA500081B08DF803009DF8032043F20401C4F255
:10EA60000001086862F30200086001B0704700000E
:10EA700081B08DF803009DF8030038B9FFE743F239
:10EA80000001C4F200010020086007E043F2000129
:10EA9000C4F2000145F255500860FFE701B070472D
:10EAA00081B0ADF80200BDF8020043F20801C4F2E3
:10EAB0000001086001B0704780B588B006A80090DA
:10EAC000FDF70CF9009903208DF81E0040200690F8
:10EAD00040F60000C4F20100FDF714F90120039094
:10EAE000F9F7F2FD00200290F8F7C2FC05A80190AA
:10EAF000F8F774FC0199029A03988DF814208DF8A8
:10EB000015008DF816208DF8170042F20040C4F26F
:10EB100001000490F8F730FC039A049806210523BD
:10EB2000F8F7F4FC039A04980721F8F7A9FD029975
:10EB30000498F8F7DFFD03990498F8F7ADFC039902
:10EB40000498F8F7BBFC0498F8F756FCFFE742F28C
:10EB50000040C4F20100F8F759FC08B1FFE7F6E7FE
:10EB600042F20040C4F20100F8F764FCFFE742F211
:10EB70000040C4F20100F8F767FC08B1FFE7F6E7D0
:10EB800042F20040C4F201000121F8F7C5FD08B0CF
:10EB900080BD000080B58EB00CA80490FDF79EF8F3
:10EBA0000499032002908DF83600012009900C9002
:10EBB00041F20000C4F201000190FDF7A3F80298B1
:10EBC00004998DF8360080200C9040F60000C4F2C5
:10EBD0000100FDF797F80198029A04998DF8362004
:10EBE00010220C92FDF78EF80198029A04998DF884
:10EBF000362020220C92FDF785F8029A0499099894
:10EC00008DF836200C9040F60040C4F201000390CD
:10EC1000FDF778F8029A039804998DF836200222BD
:10EC200006920C92FDF76EF80998F9F74DFD0BA8C6
:10EC30000590F8F7D3FB05990998002208928DF802
:10EC40002C208DF82D208DF82E208DF82F0042F6E7
:10EC50000000C4F201000A90F8F78EFB069B099AA7
:10EC60000A9807210791F8F751FC0799099A0A9821
:10EC7000F8F706FD08990A98F8F73CFD09990A98F3
:10EC8000F8F71CFC0A98F8F7B7FBFFE742F600001C
:10EC9000C4F20100F8F7BAFB08B1FFE7F6E742F665
:10ECA0000000C4F20100F8F7C5FBFFE742F60000E0
:10ECB000C4F20100F8F7C8FB08B1FFE7F6E70EB0B1
:10ECC00080BD000080B582B04FF0FF30F9F7ACFC9A
:10ECD00000200190F9F7B2FC41F6B750C0F2C140F4
:10ECE000F9F7C0FC0198F9F7C7FC0198F9F7D8FCCF
:10ECF000F9F790FC02B080BD80B58AB008A80490F6
:10ED0000FCF7ECFF049910200890032001908DF887
:10ED10002600042002908DF8250040F60000C4F281
:10ED200001000390FCF7EEFF019B029A03980499FF
:10ED30004FF0200CCDF820C08DF826308DF825201E
:10ED4000FCF7E0FF0120079000210591FAF71CFC79
:10ED500005990798FAF77AFA07990846FAF748FAF0
:10ED6000059902200690FAF70FFC05990698FAF724
:10ED70006DFA06980799FAF73BFA0AB080BD0000D1
:10ED800080B540F20230C3F210000121FDF776F8A1
:10ED900080BD000080B588B00820C4F20200009059
:10EDA000FAF71EFE03A80190FAF70EFD00980199EC
:10EDB0000023ADF81430012202928DF81B208DF84B
:10EDC00019208DF81A208DF8183002238DF81D3087
:10EDD0008DF81C20FAF7A4FD029A0020C4F202006C
:10EDE0001146FAF70BFD08B080BD000084B0039017
:10EDF00002910192ADF80230BDF80200039948601B
:10EE000002980399886001980399C86004B070471C
:10EE100010B58EB00CA80B90FCF760FF0B9900208A
:10EE200004908DF836004DF6C0400C9018200090EC
:10EE30008DF8350041F20000C4F201000790FCF7A4
:10EE400061FF0098049A0B998DF8362048F20E1253
:10EE50000C928DF8350040F60000C4F201000290DB
:10EE6000FCF750FF0098049A0B998DF836204EF667
:10EE700004420C928DF8350040F60040C4F20100C7
:10EE80000A90FCF73FFF0098049A0B998DF8362002
:10EE9000042209920C928DF8350041F20040C4F230
:10EEA0000100FCF72FFF079840F20631FCF702FF44
:10EEB000029841F601010191FCF7FCFE0A984FF41B
:10EEC00090510391FCF7F6FE049B0798099A0B9961
:10EED000022405948DF837408DF8343010230693C2
:10EEE0008DF836304FF483730C938DF83520FCF792
:10EEF00009FF019B0298DDF818C0099A0B99DDF80B
:10EF000010E08DF837408DF834E08DF836C00C9362
:10EF10008DF83520FCF7F6FE039BDDF818C0099A42
:10EF20000A980B99DDF810E08DF837408DF834E041
:10EF30008DF836C00C938DF83520FCF7E3FEDDF834
:10EF400014C0069B0798099A0B998DF837C08DF865
:10EF500034208DF836304FF400730C938DF8352043
:10EF6000FCF7D0FE0798099A0B99032308938DF8B4
:10EF7000363042F208030C938DF83520FCF7C2FEC0
:10EF8000089B099A0A980B998DF836304FF4BC7398
:10EF90000C938DF83520FCF7B5FE0EB010BD0000C7
:10EFA00080B582B00320FDF7EBFCF8F757F900229B
:10EFB00001921146F7F750F801466FF00B00F8F791
:10EFC0005DF9F8F74BF9019A1146F7F745F8014654
:10EFD0006FF00A00F8F752F9F8F740F9019A114674
:10EFE000F7F73AF801466FF00900F8F747F9F8F734
:10EFF00035F9019A1146F7F72FF801466FF0040032
:10F00000F8F73CF9F8F72AF9019A1146F7F724F8CE
:10F0100001466FF00300F8F731F9F8F71FF9019A8C
:10F020001146F7F719F801466FF00100F8F726F9D5
:10F03000F8F714F9019A0F21F7F70EF801464FF08F
:10F04000FF30F8F71BF9019A19200121FDF77EFC2A
:10F05000019A25201146FDF779FC02B080BD000021
:10F0600080B582B04FF4A01001210191F9F734FD71
:10F0700001990620C0F21400F9F72EFD01994FF412
:10F08000C010F9F729FD01990220C0F21800F9F724
:10F0900023FD01990320C0F21800F9F71DFD019925
:10F0A0000420C0F21800F9F717FD01990520C0F2FD
:10F0B0001800F9F711FD01990920C0F21800F9F7BD
:10F0C0000BFD01990A20C0F21800F9F705FD01991E
:10F0D0000B20C0F21800F9F7FFFC01990E20C0F2D6
:10F0E0001800F9F7F9FC01990220C0F21C00F9F7A9
:10F0F000F3FC01991D20C0F21C00F9F7EDFC02B0F1
:10F1000080BD000080B582B0F9F76EFD04200121BA
:10F11000F9F74CFBFFE70120C0F22400F9F78AFC65
:10F12000012801D0FFE7F6E701210846F9F73EFB89
:10F13000FFE7F9F79FFC08B9FFE7FAE70020012194
:10F14000F9F734FBFFE70120F9F774FC012801D03F
:10F15000FFE7F8E71821012201921046F9F7E6FCD3
:10F1600001990220F9F722FBFFE71920F9F762FC69
:10F17000012801D0FFE7F8E70020F9F7BFFA0420E3
:10F180000090F9F7E3FA0098F9F7CCFA0120F9F7C3
:10F19000F1FA0220F9F76EFDFFE7F9F78FFD02287B
:10F1A00001D0FFE7F9E70020F9F7E4FAFDF772FF75
:10F1B00002B080BD80B500F001F880BD41F620119D
:10F1C000C2F20001086801300860704780B588B05D
:10F1D00000200190029003A8F9F73CFB04980290EC
:10F1E0000420FEF727F80198029944F6D352C1F2A1
:10F1F0006202A1FB02124FF0FF3101EB92114EF2BD
:10F200001402CEF2000211604EF21801CEF200019B
:10F2100008604EF21001CEF20001086840F00300D1
:10F22000086008B080BD000080B584B042F60040A0
:10F23000C4F20100029000210191FEF74DF90199FD
:10F240000298FEF737F901990298FEF76FFB0199D2
:10F250000298FEF747FB019A0298C721FEF7EEF8E5
:10F2600001990298FEF770FB01990298FEF74CFB9A
:10F27000029801210391FEF741F90298039A114681
:10F28000FEF754F904B080BD80B58AB008A801909B
:10F29000FCF724FD01998020089008208DF82600B5
:10F2A000002003908DF8240004208DF82500022012
:10F2B00002908DF8270040F60040C4F20100FCF7F0
:10F2C00021FD039940F60000C4F200000490FEF70F
:10F2D00003F903990498FEF7EDF803990498FEF7F3
:10F2E00001FB039A049841F2DF51FEF7A7F8039956
:10F2F0000498FEF729FB03990498FEF705FB029991
:10F30000039A049806238DF81930012305938DF88C
:10F310001E308DF81F208DF81C208DF81D208DF8D3
:10F320001A208DF81B200DF11902FEF785F90299BC
:10F33000039A0498FEF794F80299039A0498FEF74A
:10F3400031F90299039A0498FEF782FA0498059914
:10F35000FEF7D4F80AB080BD80B58AB008A8049042
:10F36000FCF7BCFC0499022001908DF827000020D6
:10F3700005908DF8240008208DF826004FF40070C9
:10F380000890042002908DF8250040F60000C4F299
:10F3900001000390FCF7B6FCDDF804C0029A039864
:10F3A0000499059B8DF827C08DF824308DF8263000
:10F3B0004FF4806308938DF82520FCF7A3FC059B90
:10F3C00043F60000C4F2010006904FF4E1311A4602
:10F3D000FEF72CFE069801210791FFF711F8069819
:10F3E0000799FEF771FF05990698FEF7C3FE059988
:10F3F0000698FEF7D3FD0698079A0521C0F20C0186
:10F40000FEF794FE0698079A0621C0F20C01FEF75B
:10F410008DFE06980799FEF785FD0AB080BD0000B5
:10F4200080B50120FFF724FB0020FFF711FB40F619
:10F43000FF70FFF735FBFFF703FB80BD80B5FFF7DB
:10F4400085FAF5F763FEFDF725FBF6F71FFDF5F7E7
:10F4500005FD80BD80B5FFF7F1FF80BD02E008C863
:10F46000121F08C1002AFAD170477047002001E03E
:10F4700001C1121F002AFBD17047000001000101E9
:10F4800040000000400C002040100020C010002070
:10F490000000000002040608020C08100000000032
:10F4A0000102030400000000010203040000000048
:10F4B0000000000001020304060708096265657088
:10F4C000000000000000000000010203040607081D
:10F4D0000900000000F5000800000020C001000045
:10F4E00090480008C0F50008C0010020C81B0000BB
:10F4F0006CF40008757EFFFF0000000000000000B3
:10F5000023B80B1201226413127A320A32FA291438
:10F5100011450801400819085A040822021B040575
:10F52000221A3202C20FA201293C2309093A961875
:10F530003B02033C19388132321331BA395B69100E
:10F54000DA6110DA9110DAC110CBF9AB10CB85BCBF
:10F5500010CB51BB10CBE5AD10CB15AE10DAF1607E
:10F560001A214029D329041BBCF41C19F913557A1C
:10F570001B0841041811F514D95D3C6DED54FD7D57
:10F580008808E19DE9E82021ACFF7F470433B80BF0
:10F590003C0C014056290829FE2510014040130467
:10F5A000051AFA641296C20F296971393C012B00C1
:10F5B000000000000000000000000000000000004B
:040000050800418529
:00000001FF
