:020000040800F2
:10400000881D00209D41000861600008A55F000830
:104010005D600008594E000835720008000000007D
:10402000000000000000000000000000B96500086A
:104030002D54000800000000BD620008C1410008C6
:10404000B7410008B7410008B7410008B741000870
:10405000B7410008B7410008B7410008B741000860
:10406000B7410008B7410008B7410008B741000850
:10407000B7410008B7410008B7410008B741000840
:10408000B7410008B7410008B7410008B741000830
:10409000B7410008B7410008B7410008B741000820
:1040A000B741000855700008B7410008B741000843
:1040B000B7410008B7410008B7410008B741000800
:1040C000B7410008B7410008B7410008B7410008F0
:1040D000B7410008B9700008B7410008B7410008AF
:1040E000B7410008B7410008B7410008B7410008D0
:1040F000B7410008B7410008B7410008B7410008C0
:10410000B7410008B7410008B7410008B7410008AF
:10411000B7410008B7410008B7410008B74100089F
:10412000B7410008B7410008B7410008B74100088F
:10413000B7410008B7410008B7410008B74100087F
:10414000000000000000000000000000000000006F
:10415000B7410008B7410008B7410008B74100085F
:10416000B7410008B7410008B7410008B74100084F
:10417000B7410008B7410008B7410008B74100083F
:10418000B7410008DFF810D000F06AFB00F06AF8D1
:1041900000480047E9C50008881D00200648804700
:1041A00006480047FEE7FEE7FEE7FEE7FEE7FEE71C
:1041B000FEE7FEE7FEE7FEE7716E000885410008B6
:1041C00030B410B50348804730BCAE4630BC02481E
:1041D0000047704705CE0008C96D00082DE9F04181
:1041E0000024061B254671F1000605DA012400278C
:1041F000D0EB070067EB0101161E73F1000605DA2C
:104200000027D2EB0702012567EB030300F032FA27
:1042100086460E4617469C46AC4204D00025D0EB9D
:10422000050E65EB010624B10020D2EB000760EB20
:10423000030C704631463A466346BDE8F081D2B27F
:1042400001E000F8012B491EFBD270470022F6E77F
:1042500010B513460A4604461946FFF7F0FF2046FC
:1042600010BD00007CB50748009007480190054646
:10427000009C04E02046016808448047241DAC42AD
:10428000F8D17CBD04F5000808F500082DE9FE4FC3
:10429000804681EA0300C00F0C46009021F00041E7
:1042A00023F00045B8EB0200A94105D24046214663
:1042B00090461C460B46024623F00040104347D070
:1042C000270DC7F30A00C3F30A510290401A019068
:1042D00040286BDAC3F3130040F4801B0098924629
:1042E00020B10023D2EB030A63EB0B0B0198594674
:1042F000C0F14002504600F0EEF906460D46504629
:104300005946019A00F006FA10EB080061410024BA
:1043100087EA115284EAE7731A4340D0009A62B3E5
:10432000019A012A4FEA075215DC001B61EB0201DA
:104330004FF0004202EA0752CDE90042001C41F56D
:10434000801132462B4600F03DFA03B0BDE8F08FF5
:1043500040462146F9E7001B61EB0201001C41F5D4
:10436000801300185B412018A2F5001747EB0301EA
:1043700040EAD570B6196D4111E06D084FEA360676
:1043800045EAC0754FEA0752001B61EB0201001CB1
:1043900041F5801149084FEA300000195141324679
:1043A0002B4603B0BDE8F04F00F0FDB900980122A4
:1043B00040000023D0EB020263EBE073009821463B
:1043C0004FEAE074B8EB000061EB0401E9E783F029
:1043D00000435BE781F0004158E72DE9FE4F81EA99
:1043E000030404F0004421F0004100944FF0000B5E
:1043F00023F0004350EA01045ED052EA03045BD08C
:10440000C3F30A54C1F30A552C44A4F2F3340194C3
:10441000A0FB0254C1F3130141F48011C3F3130351
:1044200043F4801301FB024400FB034E840A970A05
:1044300044EA815447EA8357A4FB076802958D0A32
:1044400005FB07854FEA932C04FB0C542705029DBE
:104450004FEA065847EA1637B5EB08056EEB070C2E
:10446000870E920E47EA811742EA8312A7FB0201E8
:10447000B6EB0B0164EB00042B0D43EA0C335E1822
:1044800044EB1C50DA465146E7FB0201C5F3130426
:104490004FEA0B3343EA14534FEA0432019C43EAD8
:1044A0000603A4F10C040294009CCDE900B400F0D2
:1044B00089F903B0BDE8F08F00200146F9E72DE946
:1044C000F04D81EA030404F0004B21F0004514464E
:1044D0004FF0000A23F0004150EA050220D054EAD0
:1044E00001021DD0C5F30A570246C5F31303C1F3F9
:1044F0001300C1F30A5640F4801543F48013A7EB70
:104500000608101BD64608F2FD3873EB050002D3EF
:1045100008F1010801E092185B41B8F1000F03DADD
:1045200000200146BDE8F08D00204FF480110646C2
:1045300084460EE0171B73EB050705D3121B63EBD4
:10454000050306434CEA010C49084FEA3000921873
:104550005B4150EA0107EDD152EA030012D082EA32
:10456000040083EA0501084305D0101BAB4106D2C5
:104570000122002306E000224FF0004302E06FF02A
:10458000010253101AEB06004CEB085110EB0A0025
:1045900041EB0B01BDE8F04D00F005B90EB5C10FC0
:1045A00080EAE0700844CA07002140F233438DE8F6
:1045B0000E000A460B4600F005F903B000BD0EB52B
:1045C00040F2334102910021CDE900110A460B4629
:1045D00000F0F8F803B000BD70B5C1F30A5201F065
:1045E00000450024C1F3130140F2FF3341F4801170
:1045F0009A4201DA002070BD40F233439A42A2F29F
:10460000334203DC524200F075F800E090402C4346
:10461000F1D0404270BD00F0004230F000400AD0BE
:10462000C10D01F56071C0F3160042EA0151C208E4
:1046300040071143704700200146704701F00043D6
:1046400030B421F0004150EA010206D00A0DA2F573
:104650006072C1F31301002A02DC30BC00207047F5
:10466000440F44EAC104C100E01830BC00EBC25062
:1046700000F062B82DE9F05F0546002092469B46A7
:1046800088460646814640241BE028464146474668
:10469000224600F02FF853465A46C01A914110D3D3
:1046A00011461846224600F016F82D1A67EB01084D
:1046B0004F4622460120002100F00DF817EB0009BB
:1046C0004E41201EA4F10104DFDC484631462A4653
:1046D0004346BDE8F09F202A04DB203A00FA02F1AD
:1046E000002070479140C2F1200320FA03F31943E0
:1046F00090407047202A04DB203A21FA02F0002182
:10470000704721FA02F3D040C2F1200291400843E1
:1047100019467047202A06DBCB17203A41FA02F0EF
:1047200043EAE07306E041FA02F3D040C2F120020E
:1047300091400843194670470029A8BF7047401CA4
:10474000490008BF20F00100704710B4B0FA80FCA7
:1047500000FA0CF050EA010404BF10BC704749B1E4
:10476000CCF1200421FA04F411FA0CF118BF012154
:1047700021430843A3EB0C01CB1D4FEA00614FEA34
:10478000102042BF002010BC704700EBC350104403
:104790000029A4BF10BC7047401C490008BF20F08E
:1047A000010010BC704710B5141E73F1000408DA44
:1047B000401C41F1000192185B411A4301D120F0E5
:1047C000010010BD2DE9F04D92469B4611B1B1FAA2
:1047D00081F202E0B0FA80F220329046FFF77BFFD0
:1047E00004460F4640EA0A0041EA0B0153465A4686
:1047F000084313D0114653EA010019D0C8F1400212
:104800005046FFF777FF05460E465046594642464A
:10481000FFF761FF084305D0012004E02046394638
:10482000BDE8F08D0020054346EAE0762C4337438F
:104830000A986305E40AA0EB08000022FD0A44EA96
:1048400047540A3002D500200146E9E70105101956
:104850006941DDE9084500196941BDE8F04DA2E76D
:104860001CB509480090094801900546009C06E0E7
:10487000E06840F0010394E8070098471034AC4228
:10488000F6D3FFF783FC0000E4F4000804F5000809
:1048900070B58C1810F8015B15F0070301D110F802
:1048A000013B2A1106D110F8012B03E010F8016B2F
:1048B00001F8016B5B1EF9D12B0705D40023521EB2
:1048C0000DD401F8013BFAE710F8013BCB1A921C1A
:1048D00003E013F8015B01F8015B521EF9D5A14218
:1048E000D8D3002070BD000080B584B0FFE741F24E
:1048F0000401C4F20101086820F0030008600868A0
:104900000860FFE741F20000C4F2010000904FF49C
:104910000071019107F0D6F90120029004F004FF24
:104920000098019907F0D8F9029804F0FDFE0020E4
:104930008DF80F00FFE79DF80F00312815DCFFE729
:1049400041F20000C4F201004FF4807107F082FAD6
:1049500008B9FFE709E0052004F0E6FEFFE79DF84F
:104960000F0001308DF80F00E5E741F20000C4F2BE
:1049700001004FF4007107F0A5F9012004F0D4FE06
:10498000FFE741F20401C4F20101086820F00300CE
:104990000860086840F003000860FFE704B080BDCD
:1049A00080B582B0ADF8060000208DF80500FFE765
:1049B0009DF8050003282DDCFFE7BDF806009DF8F3
:1049C000051006F0B3FB8DF804009DF8041040F2CA
:1049D0003010C2F20000405C8DF804009DF8050024
:1049E00038B9FFE79DF8040040F002008DF804009C
:1049F000FFE79DF80510082000EB41009DF804102A
:104A0000C0B200F059FDFFE79DF8050001308DF8B8
:104A10000500CDE702B080BD80B584B0ADF80E00D2
:104A200000208DF80D008DF80C008DF80B00BDF8FE
:104A30000E1045F62940C0F28F20A1FB00218DF811
:104A40000D10BDF80E20A2FB0010642100FB112008
:104A500049F69A11C1F69911A0FB01208DF80C00BE
:104A6000BDF80E00A0FB012101EB8101A0EB41008C
:104A70008DF80B009DF80D1040F23010C2F20000CE
:104A80000190405C40F00201222000F015FD0198E9
:104A90009DF80C10415C242000F00EFD01989DF85B
:104AA0000B10415C262000F007FD04B080BD000023
:104AB00080B582B0ADF8060000208DF80500FFE754
:104AC0009DF80500022846DCFFE7BDF806009DF8CA
:104AD000051006F02BFB8DF804009DF8041040F241
:104AE0003010C2F20000405C8DF804009DF8050013
:104AF00068B9FFE7BDF80600632807DCFFE79DF80B
:104B0000040040F002008DF80400FFE712E09DF879
:104B1000050001280DD1FFE7BDF80600642807DB7A
:104B2000FFE79DF8040040F002008DF80400FFE765
:104B3000FFE7FFE79DF805101C2000EB41009DF802
:104B40000410C0B200F0B8FCFFE79DF8050001308A
:104B50008DF80500B4E702B080BD000080B584B0D8
:104B6000ADF80E0000208DF80D008DF80C008DF8CA
:104B70000B00BDF80E1045F62940C0F28F20A1FBB6
:104B800000218DF80D10BDF80E20A2FB001064214D
:104B900000FB112049F69A11C1F69911A0FB0120E2
:104BA0008DF80C00BDF80E00A0FB012101EB810186
:104BB000A0EB41008DF80B009DF80D1040F2301075
:104BC000C2F200000190405C40F00201162000F0AB
:104BD00073FC01989DF80C10415C182000F06CFCEF
:104BE00001989DF80B10415C1A2000F065FC04B0A0
:104BF00080BD000080B582B0ADF8060000208DF8C1
:104C00000500FFE79DF80500022846DCFFE7BDF838
:104C100006009DF8051006F089FA8DF804009DF84D
:104C2000041040F23010C2F20000405C8DF8040025
:104C30009DF8050068B9FFE7BDF80600632807DCAA
:104C4000FFE79DF8040040F002008DF80400FFE744
:104C500012E09DF8050001280DD1FFE7BDF8060020
:104C6000642807DBFFE79DF8040040F002008DF8A0
:104C70000400FFE7FFE7FFE79DF80510102000EBB9
:104C800041009DF80410C0B200F016FCFFE79DF84B
:104C9000050001308DF80500B4E702B080BD0000CA
:104CA00080B582B0ADF8060000208DF80500FFE762
:104CB0009DF8050003282CDCFFE7BDF806009DF8F1
:104CC000051006F033FA8DF804009DF8041040F248
:104CD0003010C2F20000405C8DF804009DF8050021
:104CE000012807D1FFE79DF8040040F002008DF88D
:104CF0000400FFE79DF8050040009DF80410C0B2D5
:104D000000F0DAFBFFE79DF8050001308DF80500A3
:104D1000CEE702B080BD000080B582B041F6B4009D
:104D2000C2F20000019040F22A31C2F200014FF4B9
:104D30008062009208F026F9009A0198103040F243
:104D40002A71C2F2000108F01DF9019943F6000032
:104D5000C4F20100086202B080BD000080B582B0DC
:104D60000190019800790146009140B1FFE7009859
:104D7000012826D0FFE70098022851D06AE0019868
:104D8000C06880470198407950B9FFE70199012038
:104D9000087140F2E021C2F200010220087059E0DF
:104DA0000198407901280AD1FFE701990120087193
:104DB00040F2E021C2F200010F2008704AE0FFE754
:104DC00048E001988068804740F2E021C2F200018B
:104DD000087801380870000608BBFFE70199022037
:104DE00008710198407948B9FFE7019902200871DC
:104DF00040F2E021C2F2000108702BE001984079F6
:104E000001280AD1FFE701990220087140F2E02150
:104E1000C2F200010F2008701CE0FFE7FFE719E075
:104E20000198C068804740F2E021C2F20001087892
:104E300001380870000660B9FFE701990020087189
:104E4000019A0221517140F2E021C2F20001087082
:104E500000E0FFE702B080BDFFE7FEE780B582B06B
:104E600041F29470C2F2000090F890000146019166
:104E700040B1FFE70198012805D0FFE7019802281B
:104E800004D006E006E000F007F803E007F09EFD1E
:104E900000E0FFE702B080BD80B541F20000C4F23F
:104EA0000100802106F0D6FF01281ED1FFE740F265
:104EB000E120C2F20000017801310170007806287B
:104EC00012DBFFE740F2E121C2F20001002008708E
:104ED00041F29471C2F2000181F8900040F68431F1
:104EE000C2F200010870FFE72AE040F2E121C2F2BD
:104EF00000010020087041F29470C2F2000090F8A6
:104F00008600A0B1FFE741F29470C2F200000221D6
:104F100080F8901090F88600022807D1FFE740F251
:104F20001001C2F20001FA200860FFE707E041F239
:104F30009471C2F20001012081F89000FFE7FFE7C1
:104F400080BD000080B582B040F68430C2F200001F
:104F500000780146019148B1FFE7019801283FD050
:104F6000FFE70198032800F09D80B9E041F20000BE
:104F7000C4F20100802106F06DFF014640F2E420FA
:104F8000C2F2000001700078B8B9FFE740F6843142
:104F9000C2F200010120087041F64010C2F2000088
:104FA000006841F66801C2F20001086041F2841114
:104FB000C2F200010020087011E041F29470C2F2C8
:104FC000000090F87600C00740B9FFE741F2947105
:104FD000C2F20001002081F89000FFE7FFE798E0AF
:104FE00041F64010C2F20000006841F66801C2F2CA
:104FF00000010968401A142853D3FFE705F0A8FE02
:10500000014640F2E220C2F200000180008841F235
:105010009471C2F20001898E323988422FDBFFE79A
:1050200041F64010C2F20000006841F66801C2F289
:105030000001086041F29470C2F2000090F886000E
:10504000A0B1FFE741F29470C2F20000022180F8A3
:10505000901090F88600022807D1FFE740F2100177
:10506000C2F20001FA200860FFE707E041F2947104
:10507000C2F20001012081F89000FFE710E040F645
:105080008431C2F200010320087041F64010C2F2E0
:105090000000006841F66801C2F200010860FFE705
:1050A000FFE736E041F64010C2F20000006841F62A
:1050B0006801C2F200010968401A44F62061884282
:1050C0000DD3FFE740F68431C2F2000100200870E2
:1050D00041F29471C2F2000181F89000FFE718E0FC
:1050E00040F68431C2F200010020087041F6401100
:1050F000C2F20001096841F66802C2F200021160C2
:1051000041F29471C2F2000181F8900081F87600BA
:10511000FFE702B080BD000080B586B041F2947018
:10512000C2F2000090F86900C00778B3FFE741F2CF
:105130009470C2F2000090F88E00012815D1FFE7AC
:1051400041F29470C2F20000012180F8951090F8AD
:105150008F0048B9FFE740F60040C4F201004FF469
:10516000007106F0B9FDFFE70FE041F29471C2F261
:105170000001002081F8950040F60040C4F20100D3
:105180004FF4007106F09EFDFFE707E041F29471D5
:10519000C2F20001002081F89500FFE740F2E8200C
:1051A000C2F20000007820BBFFE740F2E821C2F223
:1051B000000101200490087041F29471C2F20001D4
:1051C000002081F88F0040F60040C4F201004FF447
:1051D000805106F081FD049940F60000C4F2010000
:1051E000059006F079FD05984FF4006106F06AFD20
:1051F000F9E041F29470C2F2000090F895000028A6
:1052000040F0A580FFE740F60040C4F20100042111
:1052100006F020FE00284ED1FFE740F2E520C2F262
:10522000000001780131017040F2E622C2F2000272
:1052300000211170007806283CDBFFE740F2E521F1
:10524000C2F200010020087041F29470C2F2000026
:10525000012180F8931090F8931090F89400884200
:1052600027D0FFE741F29471C2F2000101200290C1
:1052700081F89400002081F88E0081F88F0040F6BC
:105280000040C4F201004FF4805106F025FD029960
:1052900040F60000C4F20100039006F01DFD4FF43B
:1052A000FA7004F0F7F903984FF4006106F014FD6A
:1052B000FFE7FFE74AE040F2E620C2F20000017893
:1052C0000131017040F2E522C2F2000200211170AA
:1052D0000078062839DBFFE740F2E620C2F2000042
:1052E0000021017041F29470C2F2000080F8931026
:1052F00090F8931090F89400884225D0FFE741F28F
:105300009471C2F20001002081F8940081F88F00AE
:1053100081F88E0040F60040C4F201004FF4805145
:1053200006F0DAFC40F60000C4F201000190012111
:1053300006F0D2FC4FF47A7004F0ACF901984FF407
:10534000006106F0BFFCFFE7FFE7FFE74AE041F23C
:105350009470C2F2000090F89500012841D1FFE757
:1053600041F29470C2F20000808ED0B3FFE741F2A8
:105370009470C2F20000008900282ADCFFE740F2A6
:10538000E720C2F200000178013101700078152891
:105390001EDBFFE740F2E721C2F2000100200870A7
:1053A00041F29471C2F2000181F88F0081F88E0001
:1053B00040F60040C4F201004FF4805106F08CFC2E
:1053C00040F60000C4F20100012106F085FCFFE771
:1053D00006E040F2E721C2F2000100200870FFE77A
:1053E000FFE7FFE7FFE706B080BD000085B004904F
:1053F0008DED030ACDED020A8DED011ACDED001AF7
:1054000003980499086002980499486001980499E7
:1054100088600499002088610499086200980499C2
:10542000486300980499086305B07047704700000E
:1054300080B582B040F23010C2F200000190007CD2
:1054400040F00201082000F037F80198007940F0A0
:1054500002010A2000F030F80198007840F00201C3
:105460000C2000F029F8019841780E2000F024F873
:1054700002B080BD80B582B040F23010C2F20000B0
:105480000190407940F00201002000F015F80198E9
:10549000407840F00201022000F00EF801980078F8
:1054A00040F00201042000F007F80198C1780620BE
:1054B00000F002F802B080BD80B582B08DF8070020
:1054C0008DF806109DF806008DF805009DF8060081
:1054D0008DF804009DF8050000F0F0008DF805003F
:1054E0009DF8040000018DF804009DF807009DF868
:1054F00005109DF8042001F08DFD02B080BD000074
:1055000080B586B004908DF80F1000208DF80E0045
:105510000498408E4FF6FE71884205DCFFE704993F
:10552000488E01304886FFE79DF90F0003300146A1
:105530000291062834D80299DFE801F02B321432A8
:1055400004322400049800F0F5F8049981F834003E
:10555000049890F834100120012908BF09208DF823
:105560000E001EE0049800F0E5F8049981F834007C
:10557000049890F834100220012908BF0A208DF801
:105580000E000EE003208DF80E00049800F0FCF8E9
:1055900007E004208DF80E00049800F0F5F800E014
:1055A000FFE7049890F82700B0FA80F040098DF8E2
:1055B0000D00049890F82D100020019049B9FFE7E4
:1055C000049890F827000138B0FA80F04009019063
:1055D000FFE7019800F001008DF80C00049991F8A4
:1055E000270081F82D00049890F8300068B1FFE79B
:1055F0009DF80C0020B1FFE7049800F0C5F8FFE724
:105600009DF80E008DF817008FE00498408D01285A
:1056100016DBFFE70499488D013848850498408DD2
:1056200068B9FFE7049890F82C00012807D1FFE73C
:1056300005208DF80E00049800F0A6F8FFE7FFE7BC
:105640009DF80D0000283FD0FFE70499088D013038
:1056500008850499088D098B884219D1FFE70498C1
:10566000408D01280EDBFFE7049890F82C000128FC
:1056700008D1FFE706208DF80E000499012081F87B
:10568000300004E00499012081F82C00FFE7FFE7D7
:105690000499088D498B884215DBFFE70499C88D72
:1056A0000130C8850498C28DC18BB2FBF1F000FBBC
:1056B000112038B9FFE704990020C88508208DF82B
:1056C0000E00FFE7FFE72BE09DF80C0038B3FFE783
:1056D0000499088D098B88421DDBFFE70499088D2A
:1056E000498B88420FDAFFE7049890F82C000128D4
:1056F00008D1FFE70498408D20B9FFE70499888B13
:105700004885FFE706E007208DF80E00049800F0BA
:105710003BF8FFE7FFE7049900200885FFE7FFE774
:105720009DF80E008DF81700FFE79DF8170006B0F2
:1057300080BD000082B000900099488E098C88429C
:1057400007DAFFE700990020488601208DF807005E
:1057500005E00099002048868DF80700FFE79DF8D6
:10576000070002B07047000080B582B00190ADF82C
:1057700002100198BDF8021006F06CFB0138B0FA77
:1057800080F0400902B080BD81B0009000990020F7
:10579000088500994885009981F82C000099C885F2
:1057A000009981F8300001B07047000080B582B0E8
:1057B000019000208DF80300019908688988FFF79F
:1057C000D3FF40F2E921C2F2000108700199886814
:1057D0008989FFF7C9FF40F2EA21C2F2000108708F
:1057E00001990869898AFFF7BFFF014640F2EB2063
:1057F000C2F2000001700178019A82F82710007847
:10580000019981F826000198807DA8BBFFE740F24E
:10581000E920C2F200000078019991F82410884232
:1058200029D0FFE740F2E920C2F20000007888B9F1
:10583000FFE740F2EA20C2F200000078012804D11C
:10584000FFE701208DF8030003E0FF208DF803003F
:10585000FFE7FFE740F2E920C2F20000007801997B
:1058600081F8240040F2EA20C2F200000078019999
:1058700081F82500FFE7CBE040F2E920C2F200000A
:105880000078019991F82410884200F0C080FFE769
:1058900040F2E920C2F200000078012853D1FFE76E
:1058A000019890F8250001280BD1FFE740F2EA208B
:1058B000C2F20000007820B9FFE701208DF8030054
:1058C00040E0019890F8250060B9FFE740F2EA2037
:1058D000C2F200000078012804D1FFE7FF208DF814
:1058E00003002EE0019890F8250040F2EA21C2F270
:1058F0000001097888420BD1FFE740F2EA20C2F2AA
:105900000000007820B9FFE701208DF8030017E0C0
:10591000019890F8250040F2EA21C2F200010978CE
:1059200088420CD1FFE740F2EA20C2F20000007882
:10593000012804D1FFE7FF208DF80300FFE7FFE710
:10594000FFE7FFE752E0019890F8250001280BD10E
:10595000FFE740F2EA20C2F20000007820B9FFE73A
:10596000FF208DF8030040E0019890F8250060B911
:10597000FFE740F2EA20C2F200000078012804D1DB
:10598000FFE701208DF803002EE0019890F8250034
:1059900040F2EA21C2F20001097888420BD1FFE708
:1059A00040F2EA20C2F20000007820B9FFE7FF20B1
:1059B0008DF8030017E0019890F8250040F2EA21E5
:1059C000C2F20001097888420CD1FFE740F2EA20D8
:1059D000C2F200000078012804D1FFE701208DF811
:1059E0000300FFE7FFE7FFE7FFE7FFE740F2E920FB
:1059F000C2F200000078019981F8240040F2EA2008
:105A0000C2F200000078019981F82500FFE7FFE766
:105A100040F2EB20C2F200000078E8B9FFE79DF900
:105A2000030020B9FFE702208DF8030013E09DF981
:105A30000300012804D1FFE703208DF8030009E0EB
:105A40009DF90300013020B9FFE7FD208DF8030028
:105A5000FFE7FFE7FFE7FFE79DF9030002B080BD26
:105A600080B586B041F2C000C2F2000080690390A8
:105A7000FFE700F007FA04900498039988422CD2BB
:105A8000FFE7EFF3108005900598029072B641F29F
:105A9000C000C2F200008069019001980399884219
:105AA0000ED1FFE7049841F2C001C2F20001886103
:105AB000086901300861BFF35F8F0120009002E0A8
:105AC00000200090FFE7029810B9FFE762B6FFE7F9
:105AD000009808B9FFE701E00CE0FFE7049A41F203
:105AE000C000C2F20000183003A901F0D1FE002866
:105AF000BFD0FFE7049806B080BD000080B58CB031
:105B00000A9009910892079307200590FFE70598EE
:105B1000002863D0FFE700F03BFA0490049800F0FF
:105B20003F0140F64040C2F2000000EB0110069039
:105B300004994FF4700000EA813001900A980199AD
:105B40000843099A4FF0805101EAD2010843089AAC
:105B50004FF0005101EA92010843079A4FF080414B
:105B600001EA5201084340F00060039006980C30AF
:105B7000039900F02DFA03909DF80F0040070028CC
:105B800027D5FFE7039880F000400390039800F0CA
:105B900000400290099820F00040029908430699BD
:105BA0000860089820F00040029908430699486070
:105BB000079820F0004002990843069988600698EB
:105BC0000C30039901F00AFB00F0F8F901200B906A
:105BD00009E0FFE705980138059098E700F0E4F93F
:105BE00000200B90FFE70B980CB080BD87B00590AC
:105BF000049103920498FE2804D8FFE70398FF2835
:105C000003D3FFE70020069036E0002002900190C9
:105C1000FFE7019803282CD8FFE705980199C840B1
:105C2000C007F0B1FFE704980090FFE700980399E0
:105C3000884215D8FFE7009901F00702012000FA19
:105C400002F3029800EBD10241F24001C2F20001DE
:105C5000885C18438854FFE7009801300090E5E71E
:105C6000FFE7029820300290FFE701980130019091
:105C7000CFE701200690FFE7069807B070470000C5
:105C800080B58AB00990089141F2C001C2F20001CA
:105C900001910020087041F24000C2F20000802112
:105CA000FEF7D4FA4FF28C40C0F60000182102F043
:105CB00055FC01460198ADF81A10006A42F26B716A
:105CC000CEF2A51188420FD0FFE741F2C001C2F227
:105CD000000142F26B70CEF2A5100862BDF81A0006
:105CE00048800120C8611CE041F2C000C2F20000FF
:105CF0004088BDF81A1088420AD0FFE7BDF81A00A4
:105D000041F2C001C2F2000148800120C86107E0F1
:105D100041F2C001C2F20001C8690130C861FFE769
:105D2000FFE741F2C000C2F20000C069012812D1B1
:105D3000FFE741F2C001C2F2000100204870486054
:105D40008860C86040F64040C2F200004FF48061B5
:105D5000FEF77CFA20E000200290FFE702983F283F
:105D600019D8FFE7029940F64040C2F2000000EB6C
:105D7000011007900798C07B4007002806D5FFE771
:105D80000799C86820F04060C860FFE7FFE7029805
:105D900001300290E2E7FFE741F2C000C2F20000EA
:105DA000C069012817D1FFE700F074F80490049847
:105DB00020B1FFE700F06AF8059002E000200590AE
:105DC000FFE7059841F2C001C2F2000148610020DE
:105DD0008861086103E000F05DF80490FFE7049833
:105DE00038B3FFE709980021FE220092FFF7FEFE7C
:105DF0000F20EF221146FFF7F9FE009A042011460A
:105E0000FFF7F4FEFFF72CFE0390039941F2C00068
:105E1000C2F200004369C2694FF60070C0F2003060
:105E2000FFF76CFE089818B1FFE700F005F8FFE7F0
:105E3000FFE704980AB080BD80B584B041F2C0008D
:105E4000C2F20000007818B1FFE70120039015E0CE
:105E500041F2C001C2F20001012001900870FFF779
:105E6000FFFD029002994FF60170C0F2003000234E
:105E70001A46FFF743FE01980390FFE7039804B02A
:105E800080BD000080B505F0BDFE80BD80B506F088
:105E900077FF80BD0120704780B540F2EC20C2F250
:105EA00000000078C00780B9FFE740F2EC21C2F2A1
:105EB00000010120087040F60000C4F20000022139
:105EC00040F6BF0207F0D4FAFFE740F20000C2F24A
:105ED00000000168013901600068002857DCFFE715
:105EE00040F20001C2F2000140F6B83008600A2119
:105EF000084604F0C9FE014641F29470C2F2000067
:105F0000A0F85810B0F85800B0F5147F0ADAFFE78F
:105F100040F60000C4F20000022140F6BF0207F084
:105F2000A7FA33E041F29470C2F20000B0F85800D2
:105F3000B0F5407F0ADAFFE740F60000C4F2000047
:105F4000022140F61F5207F093FA1EE041F29470CE
:105F5000C2F20000B0F85800B0F5547F0ADAFFE74B
:105F600040F60000C4F20000022141F27F1207F067
:105F70007FFA09E040F60000C4F20000022141F27D
:105F8000DF5207F075FAFFE7FFE7FFE7FFE780BDA5
:105F900080B541F2C000C2F20000043001F0A8FC5C
:105FA00080BD0000FFE7FEE780B541F2C000C2F20D
:105FB00000000C3001F09CFC80BD000080B541F277
:105FC000C000C2F20000083001F092FC80BD000069
:105FD00089B007900691079800680590FFE79DF843
:105FE00017004007002803D5FFE70020089032E0A3
:105FF0000698059901F00041084340F08060049044
:10600000FFE7079B049803900599DDF80CC053E85F
:10601000000F084503D143E800C2002AF7D10090E1
:10602000401AB0FA80F04009BFF35F8F014601913A
:1060300018B9FFE700980590FFE7019800F001000C
:106040008DF80B009DF80B00C0070028C7D0FFE7B4
:1060500004980890FFE7089809B07047FFE7FEE74B
:106060007047000088B0079006910592079800F0ED
:10607000070004900498C0F10700052803D3FFE748
:106080000420019004E00498C0F107000190FFE7AC
:106090000198039004980430062803D8FFE70020F5
:1060A000009003E0049803380090FFE70098029006
:1060B00006980399012202FA01F101390840029B76
:1060C000984005999A40013A1140084308B070473A
:1060D00088B0079006910592079800F00700049099
:1060E0000498C0F10700052803D3FFE704200190BE
:1060F00004E00498C0F107000190FFE701980390C5
:1061000004980430062803D8FFE70020009003E03D
:10611000049803380090FFE70098029006980399CE
:10612000012202FA01F101390840029B98400599C9
:106130009A40013A1140084308B0704780B541F2D7
:106140009470C2F2000090F88E00012803D1FFE79E
:1061500000F0B6F8FFE780BD81B000900099002004
:1061600081F86B00009981F86C00009981F86E004D
:10617000009981F86D00009981F86F00009981F80D
:106180007000009981F87C00009981F872000099F4
:1061900081F87100009981F87600009981F8770004
:1061A000009981F878000099A1F87A000099C1F867
:1061B0008000009A41F288319187009AA2F8441039
:1061C000009AA2F84C10009AA2F85410009A4FF4CA
:1061D000E1711187009AA2F84010009AA2F84810C5
:1061E000009AA2F85010009A022182F88810009AB2
:1061F00082F88910009A82F88A10009A82F88B102F
:10620000009A4FF4FA711186009A42F20F7151868A
:10621000009B4FF47A729A86009AD186009A9081F8
:10622000009A1081009AD181009A51810099886169
:10623000009908610099886200990862009A43F603
:106240000041C4F21C61D161009A5161009AD1628F
:10625000009A51620099A1F85800009908660099C7
:10626000C86500994866009981F88C00009981F80A
:106270008D00009981F88E00009981F89000009AB5
:10628000FF2182F89110009A82F88600009A82F825
:106290008710009981F89200009981F89300009985
:1062A00081F89500009981F89600009981F898008E
:1062B000009981F8990001B0704700007047000014
:1062C00080B582B041F29470C2F200000021C16535
:1062D00090F87800C00700283ED0FFE741F29470A4
:1062E000C2F2000090F89000012835D1FFE740F697
:1062F000E630C2F200000188013101800088962852
:1063000029DBFFE740F6E630C2F200000021018001
:1063100041F29470C2F2000080F8781040F6F83232
:10632000C2F200021160808E1E280CDBFFE741F2F2
:106330009471C2F200010191888E898901F09EFB5F
:106340000199086606E041F29471C2F20001002052
:106350000866FFE7FFE706E041F29471C2F2000130
:1063600000200866FFE741F29473C2F20003188E22
:10637000998EDA6D1B6E02F0ABFF02B080BD00009B
:1063800080B540F20400C2F20000017801390170CA
:106390000078002800F38880FFE740F20401C2F291
:1063A00000016420087041F29470C2F20000016A9A
:1063B00040F2F422C2F200021160016940F2FC22B4
:1063C000C2F200021160816A40F2F022C2F20002C1
:1063D0001160816940F2F820C2F20000016090ED86
:1063E000000AB5EE400AF1EE10FA07DAFFE740F2D4
:1063F000F821C2F2000100200860FFE740F2FC2013
:10640000C2F2000090ED000AB5EE400AF1EE10FA7B
:1064100007DAFFE740F2FC21C2F200010020086029
:10642000FFE740F2F020C2F2000090ED000AB5EE66
:10643000400AF1EE10FA07DAFFE740F2F021C2F26B
:10644000000100200860FFE740F2F420C2F20000E3
:1064500090ED000AB5EE400AF1EE10FA07DAFFE718
:1064600040F2F421C2F2000100200860FFE740F290
:10647000F820C2F2000090ED000A40F2FC20C2F2C7
:106480000000D0ED000A07F0D5FF40F2F020C2F284
:10649000000090ED000A40F2F420C2F20000D0EDBE
:1064A000000A07F0A3FCFFE780BD000080B582B0C2
:1064B00001900198411C002007F09CFE019981F891
:1064C0000101019890F80101162872D1FFE70198A7
:1064D0004078D12808D1FFE70198807DF02803D1CA
:1064E000FFE7012020B95FE0012000285CD1FFE731
:1064F0000199481C01F501710122102301F0BCFF34
:10650000019800F50170042102F06AF8009002F091
:1065100089F80198807C9DF80310884243D1FFE7F9
:106520000198C07C9DF8021088423CD1FFE7019899
:10653000007D9DF80110884235D1FFE70198407D2C
:106540009DF8001088422ED1FFE70198807801283D
:1065500010D1FFE70198C07801280BD1FFE701981F
:10656000407938B9FFE741F28C71C2F20001002096
:10657000087017E001988078022810D1FFE7019891
:10658000C07801280BD1FFE70198407938B9FFE7BF
:1065900041F28C71C2F200010120087001E000BFDD
:1065A000FFE7FFE7FFE7FFE70199002081F801011E
:1065B000FFE702B080BD00007047000080B584B0E6
:1065C000ADF80E0000208DF80B0041F29470C2F27D
:1065D000000090F86C00002800F0B881FFE741F25D
:1065E0009470C2F2000090F86C00013801460191ED
:1065F000032800F2A9810199DFE811F004006E0080
:10660000D6003E0141F29470C2F2000090F8700092
:1066100000F00100012809D0FFE741F29470C2F2B6
:10662000000090F87400C007B8B3FFE700208DF8B1
:106630000D00FFE79DF80D0003282DDCFFE7BDF8F6
:106640000E009DF80D1004F071FD8DF80C009DF802
:106650000C1040F23010C2F20000405C8DF80C00CB
:106660009DF80D0038B9FFE79DF80C0040F00200DE
:106670008DF80C00FFE79DF80D10082000EB41009D
:106680009DF80C10C0B2FEF717FFFFE79DF80D0054
:1066900001308DF80D00CDE71DE041F29470C2F29B
:1066A000000090F87000C007A0B9FFE741F29470B5
:1066B000C2F2000090F87400C00758B9FFE700204C
:1066C0008DF80C009DF80C0040F002010820FEF748
:1066D000F3FEFFE7FFE738E141F29470C2F20000F9
:1066E00090F8700000F00100012809D0FFE741F2A6
:1066F0009470C2F2000090F87400C007B8B3FFE7CE
:1067000000208DF80D00FFE79DF80D0003282DDC1B
:10671000FFE7BDF80E009DF80D1004F007FD8DF8A1
:106720000C009DF80C1040F23010C2F20000405CEA
:106730008DF80C009DF80D0038B9FFE79DF80C00AE
:1067400040F002008DF80C00FFE79DF80D100820C6
:1067500000EB41009DF80C10C0B2FEF7ADFEFFE764
:106760009DF80D0001308DF80D00CDE71BE041F2E2
:106770009470C2F2000090F87000C00790B9FFE773
:1067800041F29470C2F2000090F87400C00748B95A
:10679000FFE700208DF80C009DF80C100A20FEF792
:1067A0008BFEFFE7FFE7D0E041F29470C2F20000F9
:1067B00090F8700000F00100012809D0FFE741F2D5
:1067C0009470C2F2000090F87400C007B8B3FFE7FD
:1067D00000208DF80D00FFE79DF80D0003282DDC4B
:1067E000FFE7BDF80E009DF80D1004F09FFC8DF83A
:1067F0000C009DF80C1040F23010C2F20000405C1A
:106800008DF80C009DF80D0038B9FFE79DF80C00DD
:1068100040F002008DF80C00FFE79DF80D100820F5
:1068200000EB41009DF80C10C0B2FEF745FEFFE7FB
:106830009DF80D0001308DF80D00CDE71BE041F211
:106840009470C2F2000090F87000C00790B9FFE7A2
:1068500041F29470C2F2000090F87400C00748B989
:10686000FFE700208DF80C009DF80C100C20FEF7BF
:1068700023FEFFE7FFE768E041F29470C2F20000F8
:1068800090F8700000F00100012809D0FFE741F204
:106890009470C2F2000090F87400C007B8B3FFE72C
:1068A00000208DF80D00FFE79DF80D0003282DDC7A
:1068B000FFE7BDF80E009DF80D1004F037FC8DF8D1
:1068C0000C009DF80C1040F23010C2F20000405C49
:1068D0008DF80C009DF80D0038B9FFE79DF80C000D
:1068E00040F002008DF80C00FFE79DF80D10082025
:1068F00000EB41009DF80C10C0B2FEF7DDFDFFE794
:106900009DF80D0001308DF80D00CDE71BE041F240
:106910009470C2F2000090F87000C00790B9FFE7D1
:1069200041F29470C2F2000090F87400C00748B9B8
:10693000FFE700208DF80C009DF80C100E20FEF7EC
:10694000BBFDFFE7FFE700E0FFE73BE040F200317F
:10695000C2F20001002008708DF80D00FFE79DF8DD
:106960000D0003282DDCFFE7BDF80E009DF80D108B
:1069700004F0DCFB8DF80C009DF80C1040F2301098
:10698000C2F20000405C8DF80C009DF80D0038B993
:10699000FFE79DF80C0040F002008DF80C00FFE7C7
:1069A0009DF80D10082000EB41009DF80C10C0B2BE
:1069B000FEF782FDFFE79DF80D0001308DF80D0018
:1069C000CDE7FFE704B080BD80B584B0ADF80E0020
:1069D00000208DF80A0041F29470C2F2000090F895
:1069E0006B00002800F0B281FFE741F29470C2F220
:1069F000000090F86B00013801460191032800F275
:106A0000A3810199DFE811F004006900D200390187
:106A100041F29470C2F2000090F86F0000F00100A3
:106A2000012809D0FFE741F29470C2F2000090F80B
:106A30007300C007B0B3FFE700208DF80C00FFE73C
:106A40009DF80C0003282CDCFFE7BDF80E009DF834
:106A50000C1004F06BFB8DF80B009DF80B1040F24E
:106A60003010C2F20000405C8DF80B009DF80C0065
:106A7000012807D1FFE79DF80B0040F002008DF8D8
:106A80000B00FFE79DF80C0040009DF80B10C0B212
:106A9000FEF712FDFFE79DF80C0001308DF80C00A9
:106AA000CEE7FFE741F29470C2F2000090F86F0069
:106AB000C00788B9FFE741F29470C2F2000090F875
:106AC0007300C00740B9FFE700208DF80B009DF868
:106AD0000B10FEF7F1FCFFE737E141F29470C2F2D0
:106AE000000090F86F0000F00100012809D0FFE7D6
:106AF00041F29470C2F2000090F87300C007B0B386
:106B0000FFE700208DF80C00FFE79DF80C0003283C
:106B10002CDCFFE7BDF80E009DF80C1004F006FB1E
:106B20008DF80B009DF80B1040F23010C2F20000FF
:106B3000405C8DF80B009DF80C00012807D1FFE7A1
:106B40009DF80B0040F002008DF80B00FFE79DF868
:106B50000C0040009DF80B10C0B2FEF7ADFCFFE743
:106B60009DF80C0001308DF80C00CEE71DE041F2DD
:106B70009470C2F2000090F86F00C007A0B9FFE760
:106B800041F29470C2F2000090F87300C00758B947
:106B9000FFE700208DF80B009DF80B0040F002018C
:106BA0000220FEF789FCFFE7FFE7CEE041F2947098
:106BB000C2F2000090F86F0000F00100012809D037
:106BC000FFE741F29470C2F2000090F87300C00732
:106BD000B0B3FFE700208DF80C00FFE79DF80C0034
:106BE00003282CDCFFE7BDF80E009DF80C1004F024
:106BF0009DFA8DF80B009DF80B1040F23010C2F298
:106C00000000405C8DF80B009DF80C00012807D1B6
:106C1000FFE79DF80B0040F002008DF80B00FFE746
:106C20009DF80C0040009DF80B10C0B2FEF744FC2C
:106C3000FFE79DF80C0001308DF80C00CEE71BE05B
:106C400041F29470C2F2000090F86F00C00790B952
:106C5000FFE741F29470C2F2000090F87300C007A1
:106C600048B9FFE700208DF80B009DF80B100420B9
:106C7000FEF722FCFFE7FFE767E041F29470C2F203
:106C8000000090F86F0000F00100012809D0FFE734
:106C900041F29470C2F2000090F87300C007B0B3E4
:106CA000FFE700208DF80C00FFE79DF80C0003289B
:106CB0002CDCFFE7BDF80E009DF80C1004F036FA4E
:106CC0008DF80B009DF80B1040F23010C2F200005E
:106CD000405C8DF80B009DF80C00012807D1FFE700
:106CE0009DF80B0040F002008DF80B00FFE79DF8C7
:106CF0000C0040009DF80B10C0B2FEF7DDFBFFE773
:106D00009DF80C0001308DF80C00CEE71BE041F23D
:106D10009470C2F2000090F86F00C00790B9FFE7CE
:106D200041F29470C2F2000090F87300C00748B9B5
:106D3000FFE700208DF80B009DF80B100620FEF7F2
:106D4000BBFBFFE7FFE700E0FFE73AE040F201317D
:106D5000C2F20001002008708DF80D00FFE79DF8D9
:106D60000D0003282CDCFFE7BDF80E009DF80D1088
:106D700004F0DCF98DF80B009DF80B1040F2301098
:106D8000C2F20000405C8DF80B009DF80D00012858
:106D900007D1FFE79DF80B0040F002008DF80B00D3
:106DA000FFE79DF80D0040009DF80B10C0B2FEF704
:106DB00083FBFFE79DF80D0001308DF80D00CEE755
:106DC000FFE704B080BD000080B582B002F064FE31
:106DD00041F29470C2F2000090F86B0088B9FFE7AE
:106DE00041F29470C2F2000090F86C0048B9FFE7DD
:106DF00041F29470C2F2000090F87600C00780B3B0
:106E0000FFE740F20600C2F200000188013901806C
:106E10000088002824DCFFE740F20601C2F20001EE
:106E20006420088041F29471C2F20001019191F84E
:106E30006F20012020EA020281F86F2091F8702073
:106E400020EA020281F8702091F8752020EA0202FF
:106E500081F8752091F87C20904381F87C00FFE751
:106E6000FFE700F08BF908F0ADF902B080BD00003B
:106E70004EF68851CEF20001086840F470000860B8
:106E800041F20001C4F20201086840F0010008600C
:106E9000FFE741F20000C4F202000068C0F34000C6
:106EA000012801D0FFE7F4E741F20401C4F2020136
:106EB000086820F003000860FFE741F20400C4F214
:106EC000020000688008800708B1FFE7F5E741F29B
:106ED0000001C4F2020108684FF6FF72CFF6F262B9
:106EE0001040086041F20401C4F202010020086071
:106EF00041F23001C4F20201086041F20801C4F21B
:106F000002014FF41F0008604EF60851CEF2000156
:106F10004FF000600860704780B582B0002000909C
:106F20008DF8070006F044FAE42006F0A7F9802067
:106F300006F0A4F9A02006F0A1F99A2006F09EF927
:106F4000812006F09BF9832006F098F9BF2006F017
:106F500095F9882006F092F906F050FA0A2002F01E
:106F600099FB009A30231046114600F003F802B056
:106F700080BD000080B584B08DF80F008DF80E1034
:106F80008DF80D208DF80C30002001908DF80B004D
:106F900006F00EFAE42006F071F99DF80F0006F0F5
:106FA0006DF901988DF80B00FFE79DF80B009DF837
:106FB0000C1088420FDAFFE79DF80E0006F05EF92C
:106FC0009DF80D0006F05AF9FFE79DF80B0001301F
:106FD0008DF80B00E9E706F011FA04B080BD00005F
:106FE00080B582B08DF807008DF8061006F0E0F944
:106FF000E42006F043F99DF8070006F03FF99DF8FC
:10700000060006F08BF9FDF76FFC06F0F7F902B009
:1070100080BD000080B582B08DF807008DF80610A5
:107020008DF8052006F0C4F9E42006F027F99DF854
:10703000070006F023F99DF8060006F06FF99DF8A9
:10704000050006F06BF9FDF74FFC06F0D7F902B02A
:1070500080BD000080B542F60040C4F2010001216D
:1070600006F08AFA38B3FFE742F60040C4F20100A6
:10707000012106F059FA41F64011C2F200010868F8
:107080000130086041F63C10C2F200000168013195
:107090000160006864280DD3FFE741F62410C2F2B6
:1070A00000000068804741F63C11C2F20001002058
:1070B0000860FFE7FFE780BD80B582B043F60C00B3
:1070C000C4F2010000684009C007F0B1FFE743F6D1
:1070D0000000C4F20100202106F052FFA0B1FFE73A
:1070E00043F60000C4F2010006F010FFC1B241F601
:1070F000B400C2F20000009005F0AEFF0099042039
:10710000087301204873FFE7FFE743F60C00C4F261
:10711000010000688009C00768B3FFE743F600007C
:10712000C4F20100402106F02BFF18B3FFE743F63D
:107130000000C4F20100402106F00EFF41F6B40049
:10714000C2F2000010300DF1070105F061FF48B9EF
:10715000FFE79DF8071043F60000C4F2010006F0B7
:10716000DDFE06E041F6B401C2F2000100204877DE
:10717000FFE7FFE7FFE702B080BD000041F6B40083
:10718000C2F20000407B012817D1FFE741F6B400AE
:10719000C2F20000007B40B1FFE741F6B401C2F249
:1071A0000001087B0138087306E041F6B401C2F221
:1071B000000102204873FFE7FFE741F6B400C2F286
:1071C0000000007F40B1FFE741F6B401C2F20001C8
:1071D000087F01380877FFE77047000089B0089002
:1071E0000791079820F08060069008980190069912
:1071F000059105990291BFF35F8F00680390FFE747
:107200000399019BDDF808C053E8000F084503D13E
:1072100043E800C2002AF7D10090411AB1FA81F187
:10722000490901290390EBD1FFE70098049009B0C8
:1072300070470000FFE7FEE781B08DF803009DF97D
:10724000030000280ED4FFE79DF9031001F01F0290
:10725000012090404A094EF20011CEF2000141F89F
:107260002200FFE701B070474EF60C50CEF200004E
:107270000068C0F3022070474EF60C50CEF20000BA
:107280000068C0F30220704782B08DF807000091BB
:107290009DF9070000280AD4FFE7009800019DF936
:1072A00007104EF20042CEF2000288540BE0009824
:1072B00000019DF8071001F00F014EF61452CEF2B6
:1072C00000028854FFE702B07047000082B08DF8DA
:1072D000070000919DF9070000280AD4FFE70098F5
:1072E00000019DF907104EF20042CEF200028854D0
:1072F0000BE0009800019DF8071001F00F014EF619
:107300001452CEF200028854FFE702B0704700002A
:1073100083B00290029800F0070000904EF60C51E6
:10732000CEF200010868019001984FF6FF0210406C
:1073300001900198009A40EA02200022C0F2FA521D
:10734000104301900198086003B07047BFF34F8F5E
:107350004EF60C51CEF20001086800F4E060042201
:10736000C0F2FA5210430860BFF34F8FFFE700BF2F
:10737000FDE7000080B5012004F014FE80BD000090
:107380007047000082B00190009100980278019946
:10739000486802F0010220F4807040EA0220486050
:1073A000009842780199886802F0010220F00200FA
:1073B00040EA42008860009882780199886802F06B
:1073C000010220F4006040EAC22088600098C07882
:1073D000421E0199C86A02F00F0220F4700040EAD0
:1073E0000250C86202B0704781B00090009900203E
:1073F0000870009948700099887000990120C87041
:1074000001B0704781B000900099886840F0080092
:10741000886001B07047000082B0009000988068DA
:10742000C008C00720B1FFE701208DF8070003E086
:1074300000208DF80700FFE79DF8070002B07047B5
:1074400081B000900099886840F00400886001B025
:107450007047000082B00090009880688008C007E4
:1074600020B1FFE701208DF8070003E000208DF830
:107470000700FFE79DF8070002B0704781B08DF864
:1074800003009DF8032042F20441C4F201010868A0
:1074900002F00F0220F4702040EA0240086001B0C0
:1074A0007047000082B001908DF803109DF8032012
:1074B0000199886802F0010220F4807040EA0220FD
:1074C000886002B07047000082B001908DF8031010
:1074D0009DF803200199886862F30000886002B07B
:1074E0007047000082B001908DF8031000208DF8E5
:1074F0000200019800689DF80310084204D1FFE7DC
:1075000000208DF8020003E001208DF80200FFE763
:107510009DF8020002B0704783B002908DF807100A
:107520008DF806208DF805309DF8070009281CDC31
:10753000FFE70298006900909DF8070000EB40010A
:10754000072000FA01F10098884300909DF805009B
:107550009DF8071001EB410100FA01F10098084382
:1075600000900098029908611EE00298C06800909F
:107570009DF8070000EB4000A0F11E01072000FA73
:1075800001F10098884300909DF805009DF80710D0
:1075900001EB41011E3900FA01F100980843009007
:1075A00000980299C860FFE79DF806000D281FDBD0
:1075B000FFE70298C06A00909DF8060000EB80008B
:1075C000A0F141011F2000FA01F1009888430090CA
:1075D0009DF807009DF8061001EB8101413900FA82
:1075E00001F100980843009000980299C86242E0B7
:1075F0009DF8060007281FDBFFE70298006B00904C
:107600009DF8060000EB8000A0F123011F2000FA86
:1076100001F10098884300909DF807009DF806103E
:1076200001EB8101233900FA01F100980843009031
:107630000098029908631DE00298406B00909DF845
:10764000060000EB8000411F1F2000FA01F10098A6
:10765000884300909DF807009DF8061001EB81011A
:10766000053900FA01F1009808430090009802994A
:107670004863FFE7FFE703B07047000081B0009068
:107680000098C06C80B201B07047000082B00190D9
:107690008DF803108DF802209DF80300082811DBF7
:1076A000FFE70199886840F0007088609DF803004A
:1076B00000F007020199886820F4602040EA424007
:1076C000886010E00199886820F0007088609DF85B
:1076D000030000F007020199886820F4602040EA66
:1076E00042408860FFE79DF802200199886802F017
:1076F000010220F4801040EA0250886002B0704716
:1077000082B001908DF803109DF80320019948681C
:1077100002F0010220F4006040EAC220486002B09A
:107720007047000082B001908DF803109DF803208F
:107730000199886802F0010220F4800040EA82503A
:10774000886002B07047000084B003908DF80B1081
:1077500041F28830ADF808000120ADF8060041F292
:107760009470C2F20000808E00909DF80B00C0075C
:10777000B0B1FFE703990098084400900098BDF865
:10778000081088420BD9FFE7BDF80800009041F2CD
:107790009471C2F2000142F20F70C886FFE718E050
:1077A0000098BDF80610039A114488420BD8FFE7F1
:1077B000BDF80600009041F29471C2F2000142F25D
:1077C0000F70C88604E003990098401A0090FFE704
:1077D000FFE7009841F29471C2F20001888604B07C
:1077E0007047000084B003908DF80B1041F2947044
:1077F000C2F2000090F8681001F0010240F6B831C2
:10780000012A08BF4FF45271ADF808100121ADF8FC
:107810000610008E00909DF80B00C007B0B1FFE786
:1078200003990098084400900098BDF80810884219
:107830000BD9FFE7BDF80800009041F29471C2F245
:10784000000142F20F704886FFE718E00098BDF88B
:107850000610039A114488420BD8FFE7BDF80600D2
:10786000009041F29471C2F2000142F20F7048861A
:1078700004E003990098401A0090FFE7FFE70098A2
:1078800041F29471C2F20001088604B07047000012
:1078900088B0079006910592079B0698009005997D
:1078A00004910168DDF810C0BFF35F8F53E8000F4B
:1078B000084503D143E800C2002AF7D10190401ADD
:1078C000B0FA80F04009BFF35F8F0146029120B902
:1078D000FFE7019800990860FFE7029800F00100B7
:1078E0008DF80F009DF80F0000F0010008B0704700
:1078F00087B00690069801900121059105990291A3
:1079000000680390FFE70399019B029801EB000CCC
:1079100053E8000F084503D143E800C2002AF7D11D
:107920000090411AB1FA81F1490901290390EAD185
:10793000FFE700980490049807B0704780B541F2C3
:107940009470C2F2000090F88D0038B9FFE740F261
:107950002010C2F20000FDF701FA10E041F294702D
:10796000C2F2000090F88D00012807D1FFE740F235
:107970002010C2F20000C0688047FFE7FFE741F235
:107980009470C2F2000090F87600C00780B3FFE761
:1079900040F22930C2F20000017801310170007814
:1079A000102824DBFFE740F22931C2F20001002059
:1079B000087040F22830C2F20000007805280EDC82
:1079C000FFE740F22831C2F2000108780130087068
:1079D00040F22011C2F200010120487106E040F29D
:1079E0002011C2F2000102204871FFE7FFE70BE01F
:1079F00040F22931C2F200010020087040F2283123
:107A0000C2F200010870FFE741F29470C2F2000078
:107A100090F89800C0B1FFE740F20C00C2F20000FD
:107A2000017801390170007868B9FFE740F20C0174
:107A3000C2F200012820087040F22011C2F20001B9
:107A400001204871FFE7FFE780BD000080B540F6E8
:107A50000000C4F201004FF4805104F033F980BDFE
:107A600080B540F60000C4F201004FF4805104F0EC
:107A700033F980BD80B5FFF761FF80BD82B0ADF8FE
:107A80000600ADF80410BDF80600BDF80410401A59
:107A90000090009802B0704741F29470C2F200006A
:107AA000008E40F6B831884208DCFFE741F294705E
:107AB000C2F20000008E002808DCFFE741F294715A
:107AC000C2F200014FF4FA700886FFE741F29470A9
:107AD000C2F20000808E41F28831884208DCFFE764
:107AE00041F29470C2F20000808E002808DCFFE7AB
:107AF00041F29471C2F200014FF47A708886FFE778
:107B000041F29470C2F20000008F40F6B831884212
:107B100008DCFFE741F29470C2F20000008F0028F9
:107B200008DCFFE741F29471C2F200014FF4C87023
:107B30000887FFE741F29470C2F20000808F41F2A3
:107B40008831884208DCFFE741F29470C2F20000FD
:107B5000808F002808DCFFE741F29471C2F2000137
:107B60004FF47A708887FFE741F29470C2F2000008
:107B700090F88800D0B1FFE741F29470C2F20000A3
:107B800090F88800022811D0FFE741F29470C2F209
:107B9000000090F88800012808D0FFE741F29471B6
:107BA000C2F20001022081F88800FFE741F29470E0
:107BB000C2F20000B0F8400040F6B831884209DC5B
:107BC000FFE741F29470C2F20000B0F840000028D4
:107BD00009DCFFE741F29471C2F200014FF4C87072
:107BE000A1F84000FFE741F29470C2F20000B0F843
:107BF000440041F28831884209DCFFE741F2947089
:107C0000C2F20000B0F84400002809DCFFE741F2AE
:107C10009471C2F200014FF47A70A1F84400FFE7BA
:107C200041F29470C2F2000090F88900D0B1FFE7F1
:107C300041F29470C2F2000090F88900022811D03D
:107C4000FFE741F29470C2F2000090F88900012829
:107C500008D0FFE741F29471C2F20001022081F8DE
:107C60008900FFE741F29470C2F20000B0F84800CA
:107C700040F6B831884209DCFFE741F29470C2F265
:107C80000000B0F84800002809DCFFE741F29471D9
:107C9000C2F200014FF4C870A1F84800FFE741F2BA
:107CA0009470C2F20000B0F84C0041F28831884272
:107CB00009DCFFE741F29470C2F20000B0F84C001A
:107CC000002809DCFFE741F29471C2F200014FF491
:107CD0007A70A1F84C00FFE741F29470C2F2000004
:107CE00090F88A00D0B1FFE741F29470C2F2000030
:107CF00090F88A00022811D0FFE741F29470C2F296
:107D0000000090F88A00012808D0FFE741F2947142
:107D1000C2F20001022081F88A00FFE741F294706C
:107D2000C2F20000B0F8500040F6B831884209DCD9
:107D3000FFE741F29470C2F20000B0F85000002852
:107D400009DCFFE741F29471C2F200014FF4C87000
:107D5000A1F85000FFE741F29470C2F20000B0F8C1
:107D6000540041F28831884209DCFFE741F2947007
:107D7000C2F20000B0F85400002809DCFFE741F22D
:107D80009471C2F200014FF47A70A1F85400FFE739
:107D900041F29470C2F2000090F88B00D0B1FFE77E
:107DA00041F29470C2F2000090F88B00022811D0CA
:107DB000FFE741F29470C2F2000090F88B000128B6
:107DC00008D0FFE741F29471C2F20001022081F86D
:107DD0008B00FFE741F29470C2F2000090F8860039
:107DE000D0B1FFE741F29470C2F2000090F8860033
:107DF000022811D0FFE741F29470C2F2000090F81F
:107E00008600012808D0FFE741F29471C2F2000118
:107E1000002081F88600FFE741F29470C2F2000072
:107E200090F86800C00798B1FFE741F29470C2F281
:107E3000000090F8680000F00100012808D0FFE77A
:107E400041F29471C2F20001002081F86800FFE75E
:107E500041F29470C2F2000090F86900C00798B136
:107E6000FFE741F29470C2F2000090F8690000F060
:107E70000100012808D0FFE741F29471C2F200012D
:107E8000002081F86900FFE741F29470C2F200001F
:107E900090F88C0088B1FFE741F29470C2F20000C4
:107EA00090F88C00012808D0FFE741F29471C2F2EB
:107EB0000001002081F88C00FFE741F29470C2F2CB
:107EC000000090F88D00012810D0FFE741F2947077
:107ED000C2F2000090F88D0040B1FFE741F29471CA
:107EE000C2F20001002081F88D00FFE7704700001A
:107EF00080B541F29470C2F2000090F88E00012823
:107F00000CD1FFE741F29470C2F2000090F89000AB
:107F100018B9FFE7FDF716F8FFE711E041F294709A
:107F2000C2F2000090F87600C00740B9FFE741F2C6
:107F30009471C2F20001002081F89000FFE7FFE792
:107F400080BD000080B584B004F00AFF0391029068
:107F500004F0FCFF98B1FFE704F002FF03910290E8
:107F600004F014FF019008460199029B039AC91876
:107F70005041013140F1000002910390FFE7029867
:107F8000039904B080BD000080B586B00020059044
:107F90008DF81300FFE79DF813000F2812DCFFE7B0
:107FA0009DF8131040F20830C2F2000030F81110B2
:107FB000059808440590FFE79DF8130001308DF8FF
:107FC0001300E8E70598C0080390039940F2C01039
:107FD000C2F2000004F062FC0290029841F2883183
:107FE00041434120C0F20800A1FB0020091A00EB28
:107FF0005100000B01900198022804D3FFE701987B
:108000000230019002E000200190FFE7019841F268
:108010007171884204D3FFE741F270700190FFE76D
:10802000BDF8040006B080BD80B582B000F0A8F9AC
:1080300041F29471C2F2000101910881FFF7A4FF9F
:108040000199888100F008F802B080BD80B5FFF783
:10805000EBFF80BD0000000080B584B040F62C30FE
:10806000C2F200000168013901600068002800F3D5
:108070007681FFE740F62C31C2F2000164200860EF
:108080000F200A2102F000FEFCF788FA41EC100BE9
:1080900051EC100B9FEDB40B53EC102BFCF70FFAC7
:1080A00041EC100B51EC100BFCF7C8FA014640F6FE
:1080B0003430C2F20000016090ED000AB5EE400AD3
:1080C000F1EE10FA19DBFFE740F63430C2F200009F
:1080D0000068FCF7A0FA41EC100B9FEDA71B53ECD6
:1080E000112B51EC100BFCF7D1F841EC100B51ECBB
:1080F000100BFCF771FA039018E040F63430C2F22E
:1081000000000068FCF787FA41EC100B9FED981B0C
:1081100053EC112B51EC100BFCF7B8F841EC100BA1
:1081200051EC100BFCF758FA0390FFE7039800EEB0
:10813000100AB8EEC00A41F29470C2F2000080ED5D
:10814000080A40F20820C2F2000004F053FB07388E
:1081500000EE100AB8EE400A40F63030C2F20000DD
:1081600080ED000A90ED000AB5EE400AF1EE10FA3B
:1081700019DBFFE740F63030C2F200000068FCF780
:108180004AFA41EC100B9FED7C1B53EC112B51EC88
:10819000100BFCF77BF841EC100B51EC100BFCF7CB
:1081A0001BFA029018E040F63030C2F2000000687E
:1081B000FCF731FA41EC100B9FED6D1B53EC112BCA
:1081C00051EC100BFCF762F841EC100B51EC100B6A
:1081D000FCF702FA0290FFE7029800EE100AB8EEF0
:1081E000C00A41F29470C2F2000080ED0A0A40F227
:1081F0005020C2F2000004F0FDFA013800EE100A2F
:10820000B8EE400A40F63830C2F2000080ED000AB5
:1082100090ED000AB5EE400AF1EE10FA19DBFFE727
:1082200040F63830C2F200000068FCF7F4F941EC87
:10823000100B9FED511B53EC112B51EC100BFCF765
:1082400025F841EC100B51EC100BFCF7C5F901902F
:1082500018E040F63830C2F200000068FCF7DBF9A5
:1082600041EC100B9FED421B53EC112B51EC100B0A
:10827000FCF70CF841EC100B51EC100BFCF7ACF9CF
:108280000190FFE7019800EE100AB8EEC00A41F233
:108290009470C2F2000080ED060A09200A2102F063
:1082A000F3FCFCF77BF941EC100B51EC100B9FED4C
:1082B0002E0B53EC102BFCF702F941EC100B51EC98
:1082C000100BFCF7BBF9014640F63C30C2F200004F
:1082D000016090ED000AB5EE400AF1EE10FA19DBEC
:1082E000FFE740F63C30C2F200000068FCF793F96B
:1082F00041EC100B9FED201B53EC112B51EC100B9C
:10830000FBF7C4FF41EC100B51EC100BFCF764F9C8
:10831000009018E040F63C30C2F200000068FCF724
:108320007AF941EC100B9FED121B53EC112B51EC21
:10833000100BFBF7ABFF41EC100B51EC100BFCF7F3
:108340004BF90090FFE7009800EE100AB8EEC00A63
:1083500041F29470C2F2000080ED040AFFE704B01D
:1083600080BD00BF00BF00BFC976BE9F1A2F094065
:10837000000000000000E0BF000000000000E03F3F
:1083800080B584B000200390ADF80A0040F2982038
:10839000C2F2000004F02EFAFCF711F941EC100BC8
:1083A0009FED2F1B53EC112B51EC100BFCF787F8B2
:1083B00041EC100B51EC100BFCF740F903909DEDD4
:1083C000030AB5EE400AF1EE10FA15DBFFE7039859
:1083D000FCF721F941EC100B9FED251B53EC112B01
:1083E00051EC100BFBF752FF41EC100B51EC100B52
:1083F000FCF7F2F8019014E00398FCF70CF941EC5B
:10840000100B9FED191B53EC112B51EC100BFBF7CC
:108410003DFF41EC100B51EC100BFCF7DDF8019027
:10842000FFE70198ADF80A00BDF80A0040F6B9313F
:10843000884205DBFFE740F6B830ADF80A00FFE7F9
:10844000BDF80A00002804DCFFE70020ADF80A00B0
:10845000FFE7BDF80A0004B080BD00BF00BF00BF49
:10846000D7A3703D0AD7F53F000000000000E0BF31
:10847000000000000000E03F8BB0099008910792D7
:108480000693099818B1FFE7089818B9FFE700208C
:108490000A905FE007980699884203D9FFE7002019
:1084A0000A9057E006980799401A013005900998FC
:1084B000079908440490002002900390FFE7039876
:1084C0000599B0EB910F11D2FFE70498006800BA4C
:1084D0000899029A531C029341F822000498043030
:1084E0000490FFE7039801300390E8E79DF814003B
:1084F000800760B3FFE700200190059901F00301B8
:108500008DF803108DF80200FFE79DF802009DF83A
:108510000310884213DAFFE704989DF80220805C7C
:108520001821A1EBC20100FA01F101980843019062
:10853000FFE79DF8020001308DF80200E5E70198A1
:108540000899029A531C029341F82200FFE702980F
:108550000A90FFE70A980BB07047000084B00390C0
:1085600002914FF6FF70ADF80600FFE7029890B356
:10857000FFE70398411C03910178BDF8060080EAEB
:108580000120ADF8060008200090FFE70098F0B148
:10859000FFE7BDF80600000400280DD5FFE7BDF891
:1085A00006004000ADF80600BDF8060041F22101CA
:1085B0004840ADF8060005E0BDF806004000ADF803
:1085C0000600FFE7FFE7009801380090DEE7029819
:1085D00001380290CAE7BDF8060004B070470000F9
:1085E00083B002900191002000900090FFE7009876
:1085F000019988420ED2FFE70298009950F82100B5
:1086000043F20001C4F202010860FFE70098013064
:108610000090ECE743F20000C4F20200006803B0EF
:108620007047000043F20801C4F20201086840F0FC
:10863000010008607047000081B00090009843F28C
:108640001001C4F20201086001B0704781B08DF8DA
:1086500003009DF8032043F20801C4F202010868F8
:1086600002F0030220F0180040EAC200086001B0E6
:108670007047000081B00090009843F21401C4F2EA
:108680000201086001B0704781B08DF803009DF8C9
:10869000032043F20801C4F20201086802F0030259
:1086A00020F0600040EA4210086001B0704700000E
:1086B00081B08DF803009DF8032043F20801C4F255
:1086C0000201086802F0010220F0800040EAC210B6
:1086D000086001B07047000081B08DF803009DF87C
:1086E000030000F0030241F20401C4F20201086831
:1086F00020F4404040EA823008609DF8032008687A
:10870000920862F31C70086001B0704781B08DF868
:1087100003009DF8032041F20401C4F2020108683D
:1087200002F00F0220F0F00040EA0210086001B0F1
:108730007047000081B08DF803009DF8032041F2DE
:108740000401C4F20201086802F0070220F4E060AC
:1087500040EA0220086001B07047000081B08DF847
:1087600003009DF8032041F20401C4F202010868ED
:1087700002F0070220F4605040EAC220086001B015
:108780007047000081B08DF803009DF803000128B8
:1087900009D1FFE741F25401C4F20201086840F038
:1087A0003000086008E041F25401C4F20201086898
:1087B00020F030000860FFE701B0704782B08DF80C
:1087C00007008DF806109DF8070001460091042867
:1087D00044D80099DFE801F0030E1D2C37009DF806
:1087E000062041F20001C4F20201086862F30000B1
:1087F000086034E09DF8062041F20001C4F2020155
:10880000086802F0010220F4803040EA024008606B
:1088100025E09DF8062041F20001C4F2020108683B
:1088200002F0010220F0807040EA0260086016E069
:108830009DF8062041F22001C4F20201086862F3AB
:10884000000008600BE09DF8062041F22401C4F20C
:108850000201086862F30000086000E0FFE702B070
:108860007047000080B58AB00990002008900790FA
:10887000069005900490039000F028FA8DF80B0004
:108880009DF80B000146019140B1FFE701980128D6
:1088900025D0FFE70198022828D07EE041F254005D
:1088A000C4F202000068400AC00780B1FFE741F24D
:1088B0003000C4F202000068400EC00738B1FFE784
:1088C000099946F60040C0F2DC20086006E00999EC
:1088D00041F20020C0F27A000860FFE764E00999E5
:1088E00041F20020C0F27A0008605DE041F204002D
:1088F000C4F202000168C1F3004105910168C1F3AF
:10890000834107910068C0F341700690069820B932
:10891000FFE707980F2807D1FFE70699079800EBB4
:1089200001100130079003E0079802300790FFE73D
:10893000059848B9FFE7079840F60011C0F23D01DD
:1089400048430999086027E041F20400C4F202009C
:108950000068400CC007A8B1FFE741F25400C4F220
:1089600002000068C0F3013008900898811C41F2B1
:108970000020C0F27A00B0FBF1F007994843099952
:10898000086008E0079841F20021C0F27A014843EC
:1089900009990860FFE7FFE706E0099941F2002026
:1089A000C0F27A000860FFE741F20400C4F202005E
:1089B0000168C1F303110491049A4FF2BC41C0F65F
:1089C0000001895C0391099A1168039BD9405160A9
:1089D0000168C1F302210491049A4FF2AC41C0F640
:1089E0000001895C0391099A5168039BD940D160C9
:1089F0000168C1F3C2210491049A4FF2B441C0F658
:108A00000001895C0391099A5168039BD9409160E8
:108A10000168C1F30071049104990068C0F38130CA
:108A200040EA8100049004994FF2A440C0F600008F
:108A3000405C039009998868039AB0FBF2F00861E2
:108A40000AB080BD82B0019000208DF80300BDF80F
:108A5000060041F20001C4F202014058019901F000
:108A60001F01C840C00720B9FFE700208DF80300B0
:108A700003E001208DF80300FFE79DF8030002B03A
:108A80007047000080B584B0002003908DF80B0083
:108A9000FFE71120FFF7D6FF0146002001290190D2
:108AA00008D0FFE703990020B1F5405F38BF0120EF
:108AB0000190FFE70198C00720B1FFE7039801305C
:108AC0000390E6E71120FFF7BDFF012804D0FFE780
:108AD00000208DF80B0003E001208DF80B00FFE76C
:108AE0009DF80B0004B080BD82B001908DF803109A
:108AF0009DF8030001280FD1FFE7019800F01F0245
:108B0000012101FA02F3010C41F20002C4F2020257
:108B10008858184388500EE0019800F01F02012188
:108B200001FA02F3010C41F20002C4F20202885879
:108B300098438850FFE702B07047000081B08DF87D
:108B400003008DF802108DF801209DF8030088B90C
:108B5000FFE741F20401C4F20201086820F480300A
:108B6000086041F23001C4F20201086840F0007070
:108B700008601FE041F20401C4F20201086840F4F9
:108B8000803008609DF80300012809D1FFE741F219
:108B90000401C4F20201086820F40030086008E013
:108BA00041F20401C4F20201086840F40030086098
:108BB000FFE7FFE79DF8020000F00F0241F2040119
:108BC000C4F20201086820F4701040EA8240086094
:108BD0009DF8020000F03002086820F0C04040EA32
:108BE000426008609DF80120086820F0004040EADB
:108BF000C270086001B0704741F20001C4F2020186
:108C0000086840F001000860FFE741F20000C4F28C
:108C100002000068C0F34000012801D0FFE7F4E73C
:108C200041F20401C4F20201086820F00300086068
:108C3000FFE741F20400C4F20200006880088007E8
:108C400008B1FFE7F5E741F20001C4F2020108684C
:108C50004FF6FF72CFF6F2621040086041F2040155
:108C6000C4F202010020086041F23001C4F20201A6
:108C7000086041F20801C4F202014FF41F000860CD
:108C80007047000081B08DF803009DF8032041F289
:108C90000401C4F20201086862F30100086000BF29
:108CA00000BF00BF00BF00BF00BF00BF00BF00BFCC
:108CB00000BF00BF00BF00BF00BF00BF00BF00BFBC
:108CC00000BF00BF00BF01B07047000041F20400C8
:108CD000C4F202000068C0F38100704780B582B022
:108CE00040F25400C2F200000078014601910928C8
:108CF00053D80199DFE801F0050A0F141A1F24293F
:108D00002F5001210846FEF71FFD47E00A200121F0
:108D1000FEF71AFD42E064200121FEF715FD3DE05B
:108D20004FF47A700121FEF70FFD37E0012000219A
:108D3000FEF70AFD32E00A200021FEF705FD2DE0D6
:108D400064200021FEF700FD28E04FF47A70002136
:108D5000FEF7FAFC22E041F29470C2F2000000211A
:108D600080F86B1090F86C10013180F86C1090F85E
:108D70006C00052808DBFFE741F29471C2F20001A4
:108D8000002081F86C00FFE741F29471C2F200010B
:108D9000002081F8740001E0FFE7FFE740F2540192
:108DA000C2F200010920087002B080BD80B541F216
:108DB0009470C2F2000090F87200C007E8B3FFE7B9
:108DC00041F29471C2F20001C88E898E884208D0A7
:108DD000FFE741F29470C2F20000808EFDF7EEFBD7
:108DE000FFE740F20431C2F200010020086040F2C7
:108DF0001400C2F200000168013901600068002817
:108E00001ADCFFE741F29470C2F2000090F86C00A7
:108E100090B9FFE740F21401C2F2000140F6B83009
:108E2000086041F29471C2F20001002081F87200E2
:108E30004FF6FF70C886FFE748E041F29470C2F237
:108E4000000090F8900040BBFFE740F20430C2F20F
:108E50000000016801390160006800281CDCFFE7A0
:108E600040F20431C2F20001C820086041F294705F
:108E7000C2F2000090F88E00012808D1FFE741F20D
:108E80009470C2F200008089FBF78AFD03E00020A5
:108E9000FBF786FDFFE7FFE717E041F29470C2F2AF
:108EA000000090F8900001280ED1FFE740F2043155
:108EB000C2F200010020086041F29470C2F200008A
:108EC000808EFDF77BFBFFE7FFE7FFE780BD00003B
:108ED00084B08DF80F009DF80F0001380146029113
:108EE000092800F2FD800299DFE811F00A005A001B
:108EF000F600F700AA00C900F500CA00F800F90062
:108F000041F29470C2F2000090F88C00002846D123
:108F1000FFE741F29470C2F2000090F86C00014645
:108F20000191042828D80199DFE801F0030A1118FB
:108F30001F0040F25401C2F20001022008701CE040
:108F400040F25401C2F200010320087015E040F223
:108F50005401C2F20001022008700EE040F25401F8
:108F6000C2F200010120087007E040F25401C2F291
:108F700000010020087000E0FFE741F29471C2F2A6
:108F80000001012081F8780081F8740081F87200F6
:108F900040F22011C2F2000100204871FFE7A0E07A
:108FA00041F29470C2F2000090F88C00002846D183
:108FB000FFE741F29470C2F2000090F86C000146A5
:108FC0000091042828D80099DFE801F0030A11185D
:108FD0001F0040F25401C2F20001062008701CE09C
:108FE00040F25401C2F200010720087015E040F27F
:108FF0005401C2F20001062008700EE040F2540154
:10900000C2F200010520087007E040F25401C2F2EC
:1090100000010420087000E0FFE741F29471C2F201
:109020000001012081F8780081F8740081F8720055
:1090300040F22011C2F2000100204871FFE750E029
:1090400041F29470C2F2000090F88C00B0B9FFE7D2
:1090500040F25401C2F200010820087041F29472FB
:10906000C2F20002002082F87400012182F872101E
:1090700040F22011C2F200014871FFE731E030E018
:1090800041F29470C2F2000090F88C0001280CD1DB
:10909000FFE741F29471C2F2000191F88D00B0FA3D
:1090A00080F0400981F88D000EE041F29471C2F227
:1090B0000001012081F8990040F64031C2F2000120
:1090C00040F6B8300860FFE740F22011C2F200011C
:1090D0000120487105E004E003E002E001E000E067
:1090E000FFE741F29470C2F2000090F89900C007C7
:1090F000A0B1FFE740F64030C2F20000016801393C
:1091000001600068002808DCFFE741F29471C2F2B8
:109110000001002081F89900FFE7FFE741F2947019
:10912000C2F2000090F86C00C8B3FFE79DF80F0092
:1091300060BBFFE741F29471C2F20001002081F8A8
:10914000740040F25000C2F2000001680139016071
:109150000068002819DCFFE740F25001C2F200016C
:1091600040F6B830086041F29471C2F2000100206C
:1091700081F86C0081F8720040F20432C2F2000201
:1091800010604FF6FF70C881FFE707E040F2500122
:10919000C2F2000140F6B8300860FFE7FFE704B014
:1091A0007047000082B00190ADF80210BDF80200D7
:1091B0000199086002B0704782B00190ADF80210CA
:1091C000BDF802000199086002B0704780B582B016
:1091D0008DF80700ADF80410ADF80220BDF80410BA
:1091E000BDF8022000209142A8BF01208DF80100A7
:1091F0009DF807009DF8011000F030F802B080BD26
:1092000082B08DF807008DF806109DF80700014622
:109210000091012804D0FFE7009802280BD019E044
:109220009DF8062047F20041C4F20001086862F38D
:10923000000008600FE09DF8062047F20041C4F2EC
:109240000001086802F0010220F4803040EA024088
:10925000086000E0FFE702B07047000082B08DF8C0
:1092600007008DF806109DF80600B0FA80F040095E
:109270008DF806009DF8070001460091012804D0F2
:10928000FFE7009802280FD01DE09DF8062047F266
:109290000041C4F20001086802F0010220F002005F
:1092A00040EA420008600FE09DF8062047F20041C6
:1092B000C4F20001086802F0010220F4003040EA24
:1092C0004240086000E0FFE702B070470000000085
:1092D00080B588B0ADF81E00ADF81C10069205935D
:1092E00040F6F830C2F20000006841F29471C2F218
:1092F0000001898E884200F09080FFE741F294706F
:10930000C2F20000808E40F6F831C2F2000108601F
:10931000BDF81C1002206422FFF758FFBDF81C00A6
:109320000599084404900498002803DCFFE7002016
:109330000490FFE70498FBF731F941EC100B9FED27
:109340008E1B53EC112B51EC100BFBF746F841EC44
:10935000100B51EC100BFBF771F9014640F6883009
:10936000C2F20000016090ED000AB5EE400AF1EE95
:1093700010FA19DBFFE740F68830C2F200000068FF
:10938000FBF749F941EC100B9FED7F1B53EC112BC0
:1093900051EC100BFAF77AFF41EC100B51EC100B6B
:1093A000FBF71AF9029018E040F68830C2F200008C
:1093B0000068FBF730F941EC100B9FED711B53EC8B
:1093C000112B51EC100BFAF761FF41EC100B51EC33
:1093D000100BFBF701F90290FFE7029940F68C3081
:1093E000C2F200000180008840F6FF71884208DB6D
:1093F000FFE740F68C31C2F2000140F6FF700880B2
:10940000FFE740F68C30C2F20000018847F21440BA
:10941000C4F20000FFF7D0FEFFE740F6FC30C2F2D6
:109420000000006841F29471C2F20001098E884286
:1094300000F09F80FFE741F29470C2F20000008EBE
:1094400040F6FC31C2F200010860BDF81E10012098
:109450000A22FFF7BBFEBDF81E00069908440390E0
:109460000398012803DCFFE701200390FFE703983E
:10947000FBF794F841EC100B9FED451B53EC112BBF
:1094800051EC100BFAF7A9FF41EC100B51EC100B4B
:10949000FBF7D4F8014640F69030C2F200000160BC
:1094A00090ED000AB5EE400AF1EE10FA19DBFFE785
:1094B00040F69030C2F200000068FBF7ACF841ECD7
:1094C000100B9FED311B53EC112B51EC100BFAF7E5
:1094D000DDFE41EC100B51EC100BFBF77DF8019019
:1094E00018E040F69030C2F200000068FBF793F8F5
:1094F00041EC100B9FED221B53EC112B51EC100B88
:10950000FAF7C4FE41EC100B51EC100BFBF764F8BA
:109510000190FFE7019940F69430C2F2000001800B
:10952000008840F6FF71884208DBFFE740F694317F
:10953000C2F2000140F6FF700880FFE740F6943069
:10954000C2F200000088012807DCFFE740F69431F2
:10955000C2F2000101200880FFE740F69430C2F219
:109560000000018847F20840C4F20000FFF71AFE2D
:10957000FFE708B080BD00BF6891ED7C3F35EA3F52
:10958000000000000000E0BF000000000000E03F1D
:10959000D7A3703D0AD7F53F82B08DF807008DF84C
:1095A00006109DF8070001460091012804D0FFE74E
:1095B000009802280FD01DE09DF8062047F20041D8
:1095C000C4F20001086802F0010220F0040040EA41
:1095D000820008600FE09DF8062047F20041C4F2C7
:1095E0000001086802F0010220F4802040EA824075
:1095F000086000E0FFE702B07047000080B584B06B
:1096000003908DF80B1000208DF80700FFE79DF800
:1096100007009DF80B10884217DAFFE703989DF8C2
:109620000710084401F04CF9ADF80800BDF8080037
:109630004FF6FF71884201D1FFE706E0FFE79DF892
:10964000070002308DF80700E1E7BDF8080004B01C
:1096500080BD000040F69630C2F20000007841F272
:109660009471C2F2000191F88E10884210D0FFE789
:1096700041F29471C2F2000191F88E0040F69632E8
:10968000C2F20002107000204866C8814881FFE7DE
:109690007047000080B586B00590059840F218111B
:1096A000C2F200010968A0FB01010391029040F69B
:1096B0000040C2F2000000685B2807DBFFE740F6CD
:1096C0000040C2F200000068009002E05A200090C2
:1096D000FFE700980190029B0399019AD017D21AD4
:1096E000884101DBFFE71DE0019A02990398891A7E
:1096F00060EBE2700291039002F084FA03460A469E
:1097000002990398C918504102910390FFE702F0B3
:1097100079FA0246029B0398D21A71EB000001DA33
:10972000FFE7F4E706B080BD80B586B005900598E8
:1097300040F21C11C2F200010968A0FB0101039173
:10974000029040F60040C2F2000000685B2807DB90
:10975000FFE740F60040C2F200000068009002E01F
:109760005A200090FFE700980190029B0399019A0C
:10977000D017D21A884101DBFFE71DE0019A029958
:109780000398891A60EBE2700291039002F03AFAB2
:1097900003460A4602990398C91850410291039062
:1097A000FFE702F02FFA0246029B0398D21A71EBF0
:1097B000000001DAFFE7F4E706B080BD82B0019057
:1097C0008DF803109DF803200199086862F30000EA
:1097D000086002B07047000081B00090009900203E
:1097E00008600099486000990881009948810099B3
:1097F000087300994873009988730099C873009999
:1098000008740099487401B07047000082B001905C
:109810008DF803108DF802200198D0F8A400000EF6
:10982000C00740B9FFE70199D1F8A40040F080706B
:10983000C1F8A400FFE79DF8030001280BD1FFE762
:109840009DF802200199D1F8A00020F0FF001044FB
:10985000C1F8A0006AE09DF8030002280CD1FFE7E0
:109860009DF802200199D1F8A00020F47F4040EA41
:109870000220C1F8A00058E09DF8030003280CD195
:10988000FFE79DF802200199D1F8A00020F47F00A5
:1098900040EA0240C1F8A00046E09DF80300042819
:1098A0000CD1FFE79DF802200199D1F8A00020F02B
:1098B0007F4040EA0260C1F8A00034E09DF8030058
:1098C00005280BD1FFE79DF802200199D1F8A400EB
:1098D00020F0FF001044C1F8A40023E09DF803002D
:1098E00006280CD1FFE79DF802200199D1F8A400C9
:1098F00020F47F4040EA0220C1F8A40011E09DF866
:10990000030007280CD1FFE79DF802200199D1F848
:10991000A40020F47F0040EA0240C1F8A400FFE761
:10992000FFE7FFE7FFE7FFE7FFE7FFE702B070476A
:1099300082B001900091019908684BF6EF721040D7
:10994000086000980289019908681043086000982F
:10995000427C0199086802F0030220F4405040EA7A
:10996000023008600098C27B0199086802F0030287
:1099700020F4406040EA822008600098827B0199D0
:10998000086802F0030220F4407040EA02200860F8
:109990000098427B0199086802F0010220F08000E3
:1099A00040EAC21008600098027B0199086802F042
:1099B000010220F0400040EA821008600098027C1A
:1099C0000199086802F0010220F0200040EA4210EC
:1099D00008600098408901994860009800680199E2
:1099E0008860009840680199C86002B07047000024
:1099F00082B0019000200090019A116821F00101CD
:109A00001160019908600199486001998860019985
:109A1000C86001980090009800F49F60C0088028FA
:109A200017D8FFE79DF8000008384CF6CD41CCF67A
:109A3000CC41A0FB01016FF0030000EA91010F206F
:109A400000FA01F20421C4F2020108681043086020
:109A50001FE0009800F49F60C008902818D8FFE726
:109A60009DF8000008384CF6CD41CCF6CC41A0FB67
:109A700001016FF0030000EA91010F2000FA01F2EA
:109A800040F20441C4F20201086810430860FFE795
:109A9000FFE702B07047000080B584B040F2581074
:109AA000C2F200000190FBF781FE014601988DF89B
:109AB0000F109DF90F10FBF723FD014640F60440FF
:109AC000C2F200000170007804F000FE04F0F4FC23
:109AD00040F21800C2F200000290FBF767FE014658
:109AE00002988DF80E109DF90E10FBF709FD014646
:109AF00040F6E830C2F2000001700078FFF7E8F9A4
:109B0000FFF7ECF804B080BD80B540F69830C2F2A3
:109B100000000078C00738B9FFE740F69831C2F27C
:109B2000000101200870FFE704F092FF80BD0000F3
:109B300083B001908DF80310019820B9FFE7012050
:109B40008DF80B0024E000208DF802008DF8020053
:109B5000FFE79DF802000E280DDCFFE701999DF854
:109B60000220002041F82200FFE79DF802000130AA
:109B70008DF80200EDE79DF80300019981F8460099
:109B80000199002008640199C8638DF80B00FFE774
:109B90009DF80B0003B0704781B003208DF80300DF
:109BA00042F20C00C4F202000068C00720B1FFE7D7
:109BB00000208DF803001FE042F20C00C4F2020006
:109BC00000688008C00720B1FFE701208DF803007E
:109BD00011E042F20C00C4F2020000680009C00764
:109BE00020B1FFE702208DF8030003E003208DF889
:109BF0000300FFE7FFE7FFE79DF8030001B07047B0
:109C000080B584B0039003208DF80B00FFF7C4FFEC
:109C10008DF80B00FFE79DF80B100020019031B983
:109C2000FFE70398002818BF01200190FFE7019883
:109C3000C00740B1FFE7FFF7AFFF8DF80B000398B7
:109C400001380390E7E7039820B9FFE704208DF877
:109C50000B00FFE79DF80B0004B080BD81B003202E
:109C60008DF8030042F24C00C4F202000068C00705
:109C700020B1FFE700208DF803001FE042F24C0006
:109C8000C4F2020000688008C00720B1FFE701208D
:109C90008DF8030011E042F24C00C4F202000068AB
:109CA0000009C00720B1FFE702208DF8030003E0A0
:109CB00003208DF80300FFE7FFE7FFE79DF80300AF
:109CC00001B0704780B584B0039003208DF80B007D
:109CD000FFF7C4FF8DF80B00FFE79DF80B10002085
:109CE000019031B9FFE70398002818BF01200190C7
:109CF000FFE70198C00740B1FFE7FFF7AFFF8DF81E
:109D00000B00039801380390E7E7039820B9FFE7B9
:109D100004208DF80B00FFE79DF80B0004B080BD18
:109D200080B586B00590ADF8121003208DF81100B3
:109D30000598B0F1006F21D3FFE705984FF6FF714A
:109D4000C0F60701884219D8FFE742F21001C4F2B9
:109D500002010391086840F001000860BDF812009C
:109D6000059908804FF48010FFF74AFF03998DF89A
:109D70001100086820F00100086046E00598002105
:109D8000C0F6080188421ED3FFE70598000D802821
:109D900019D8FFE742F25001C4F2020102910868AB
:109DA00040F001000860BDF81200059908804FF4EA
:109DB0008010FFF787FF02998DF81100086820F0E6
:109DC0000100086020E00598B0F1046F1BD3FFE7A5
:109DD00042F29001C4F202010191086840F00100D2
:109DE0000860BDF81200059908804FF4801000F05B
:109DF0004DFE01998DF81100086820F001000860FF
:109E000000F002FEFFE7FFE7FFE79DF8110006B054
:109E100080BD000080B58AB040F6E430C2F2000098
:109E2000007801460991032800F236850999DFE898
:109E300011F004003B015504FC0440F69E30C2F2D0
:109E400000000078C007002840F02681FFE74FF6A9
:109E50000000C0F603001421FFF7D0FB4FF6FF719E
:109E6000884231D0FFE74FF60040C0F603001421CE
:109E7000FFF7C4FB4FF6FF71884225D0FFE74FF68E
:109E80002600C0F6030000F01BFD40F69A31C2F236
:109E90000001089108804FF62640C0F6030000F04C
:109EA0000FFD0246089840F69C31C2F200010A807C
:109EB00000880988884203DDFFE700F0CBFF02E05D
:109EC00001F07EF8FFE722E04FF60000C0F6030045
:109ED0001421FFF793FB4FF6FF71884203D0FFE791
:109EE00000F0B8FF12E04FF60040C0F60300142166
:109EF000FFF784FB4FF6FF71884203D0FFE701F0C4
:109F00005FF802E001F044FEFFE7FFE7FFE7FDF73F
:109F1000C3FD41F29470C2F200000790018E00EE82
:109F2000101AB8EE400A40F6E031C2F2000181EDAD
:109F3000000A818E00EE101AB8EE400A40F6A431F5
:109F4000C2F2000181ED000A018F00EE101AB8EE96
:109F5000400A40F6B431C2F2000181ED000A818F5F
:109F600000EE101AB8EE400A40F6AC31C2F2000121
:109F700081ED000A90F8881040F6B032C2F200027B
:109F80001170B0F8401000EE101AB8EE400A40F61A
:109F9000C031C2F2000181ED000AB0F8441000EEB9
:109FA000101AB8EE400A40F6B831C2F2000181ED55
:109FB000000A90F8891040F6BC32C2F2000211701B
:109FC000B0F8481000EE101AB8EE400A40F6CC3156
:109FD000C2F2000181ED000AB0F84C1000EE101A38
:109FE000B8EE400A40F6C431C2F2000181ED000A29
:109FF00090F88A1040F6C832C2F200021170B0F830
:10A00000501000EE101AB8EE400A40F6D831C2F2F5
:10A01000000181ED000AB0F8541000EE101AB8EEFD
:10A02000400A40F6D031C2F2000181ED000A90F8FA
:10A030008B1040F6D432C2F20002117090F88610F4
:10A0400040F6DC32C2F20002117090F8681001F0A4
:10A05000010140F6DE32C2F20002117090F8691080
:10A0600001F0010140F6A232C2F20002117090F834
:10A070008C1040F6A832C2F20002117090F88D00E8
:10A0800040F6DD31C2F20001087040F69E31C2F2A6
:10A0900000010120087006E040F6E431C2F2000140
:10A0A00001200870F8E3F7E340F6E030C2F2000068
:10A0B00090ED000A41F29470C2F20000008E01EEB1
:10A0C000100AB8EEC11AB4EE410AF1EE10FA40F0EF
:10A0D0005581FFE740F6A430C2F2000090ED000A7F
:10A0E00041F29470C2F20000808E01EE100AB8EEC8
:10A0F000C11AB4EE410AF1EE10FA40F03F81FFE7D9
:10A1000040F6B430C2F2000090ED000A41F29470C3
:10A11000C2F20000008F01EE100AB8EEC11AB4EED0
:10A12000410AF1EE10FA40F02981FFE740F6AC3029
:10A13000C2F2000090ED000A41F29470C2F20000F9
:10A14000808F01EE100AB8EEC11AB4EE410AF1EEAA
:10A1500010FA40F01381FFE740F6B030C2F2000081
:10A16000007841F29471C2F2000191F8881088429F
:10A1700040F00481FFE740F6C030C2F2000090EDED
:10A18000000A41F29470C2F20000B0F8400001EE03
:10A19000100AB8EEC11AB4EE410AF1EE10FA40F01E
:10A1A000ED80FFE740F6B830C2F2000090ED000A03
:10A1B00041F29470C2F20000B0F8440001EE100ABF
:10A1C000B8EEC11AB4EE410AF1EE10FA40F0D680B2
:10A1D000FFE740F6BC30C2F20000007841F2947113
:10A1E000C2F2000191F88910884240F0C780FFE771
:10A1F00040F6CC30C2F2000090ED000A41F29470BB
:10A20000C2F20000B0F8480001EE100AB8EEC11A20
:10A21000B4EE410AF1EE10FA40F0B080FFE740F6EC
:10A22000C430C2F2000090ED000A41F29470C2F214
:10A230000000B0F84C0001EE100AB8EEC11AB4EEFE
:10A24000410AF1EE10FA40F09980FFE740F6C8307D
:10A25000C2F20000007841F29471C2F2000191F85C
:10A260008A10884240F08A80FFE740F6D830C2F278
:10A27000000090ED000A41F29470C2F20000B0F8C4
:10A28000500001EE100AB8EEC11AB4EE410AF1EE28
:10A2900010FA73D1FFE740F6D030C2F2000090ED23
:10A2A000000A41F29470C2F20000B0F8540001EECE
:10A2B000100AB8EEC11AB4EE410AF1EE10FA5DD1FF
:10A2C000FFE740F6D430C2F20000007841F294710A
:10A2D000C2F2000191F88B1088424FD1FFE740F69F
:10A2E000DC30C2F20000007841F29471C2F2000149
:10A2F00091F88610884241D1FFE740F6DE30C2F285
:10A300000000007800F0010041F29471C2F20001F7
:10A3100091F8681001F0010188422FD1FFE740F663
:10A32000A230C2F20000007800F0010041F2947106
:10A33000C2F2000191F8691001F0010188421DD1BB
:10A34000FFE740F6A830C2F20000007841F29471B5
:10A35000C2F2000191F88C1088420FD1FFE740F65D
:10A36000DD30C2F20000007841F29471C2F20001C7
:10A3700091F88D10884200F0B081FFE700F0B8FB43
:10A3800040F69F30C2F200000078C007002800F0BD
:10A390008480FFE74FF60000C0F60300059000F050
:10A3A000A9FA059841F29471C2F200010691098E52
:10A3B000FFF7B6FC0698818E4FF60200C0F6030048
:10A3C000FFF7AEFC0698018F4FF60400C0F60300BD
:10A3D000FFF7A6FC0698818F4FF60600C0F6030033
:10A3E000FFF79EFC069890F888104FF60800C0F61C
:10A3F0000300FFF795FC0698B0F840104FF60A00EE
:10A40000C0F60300FFF78CFC0698B0F844104FF636
:10A410000C00C0F60300FFF783FC069890F8891043
:10A420004FF60E00C0F60300FFF77AFC0698B0F86E
:10A4300048104FF61000C0F60300FFF771FC0698B5
:10A44000B0F84C104FF61200C0F60300FFF768FC9E
:10A45000069890F88A104FF61400C0F60300FFF734
:10A460005FFC0698B0F850104FF61600C0F60300D7
:10A47000FFF756FC0698B0F854104FF61800C0F6D7
:10A480000300FFF74DFC069890F88B104FF61A006A
:10A49000C0F60300FFF744FC82E04FF60040C0F630
:10A4A0000300039000F026FA039841F29471C2F27F
:10A4B00000010491098EFFF733FC0498818E4FF65A
:10A4C0000240C0F60300FFF72BFC0498018F4FF603
:10A4D0000440C0F60300FFF723FC0498818F4FF679
:10A4E0000640C0F60300FFF71BFC049890F88810A4
:10A4F0004FF60840C0F60300FFF712FC0498B0F8CE
:10A5000040104FF60A40C0F60300FFF709FC04981C
:10A51000B0F844104FF60C40C0F60300FFF700FC03
:10A52000049890F889104FF60E40C0F60300FFF72C
:10A53000F7FB0498B0F848104FF61040C0F603003F
:10A54000FFF7EEFB0498B0F84C104FF61240C0F63F
:10A550000300FFF7E5FB049890F88A104FF61440CB
:10A56000C0F60300FFF7DCFB0498B0F850104FF67C
:10A570001640C0F60300FFF7D3FB0498B0F8541060
:10A580004FF61840C0F60300FFF7CAFB049890F896
:10A590008B104FF61A40C0F60300FFF7C1FBFFE730
:10A5A00041F29470C2F200000290018E00EE101A87
:10A5B000B8EE400A40F6E031C2F2000181ED000A37
:10A5C000818E00EE101AB8EE400A40F6A431C2F2B5
:10A5D000000181ED000A018F00EE101AB8EE400A6A
:10A5E00040F6B431C2F2000181ED000A818F00EE25
:10A5F000101AB8EE400A40F6AC31C2F2000181ED0B
:10A60000000A90F8881040F6B032C2F200021170D1
:10A61000B0F8401000EE101AB8EE400A40F6C03113
:10A62000C2F2000181ED000AB0F8441000EE101AE9
:10A63000B8EE400A40F6B831C2F2000181ED000ADE
:10A6400090F8891040F6BC32C2F200021170B0F8E6
:10A65000481000EE101AB8EE400A40F6CC31C2F2B3
:10A66000000181ED000AB0F84C1000EE101AB8EEAF
:10A67000400A40F6C431C2F2000181ED000A90F8B0
:10A680008A1040F6C832C2F200021170B0F85010C1
:10A6900000EE101AB8EE400A40F6D831C2F20001BE
:10A6A00081ED000AB0F8541000EE101AB8EE400A1E
:10A6B00040F6D031C2F2000181ED000A90F88B0023
:10A6C00040F6D431C2F20001087040F6E431C2F223
:10A6D0000001087801300870DEE0DDE040F69F30D0
:10A6E000C2F200000078C007B0B3FFE741F29470F7
:10A6F000C2F20000019090F886104FF61C00C0F6E0
:10A700000300FFF70DFB019890F8680000F00101CD
:10A710004FF61E00C0F60300FFF702FB019890F809
:10A72000690000F001014FF62000C0F60300FFF7BA
:10A73000F7FA019890F88C104FF62200C0F603004B
:10A74000FFF7EEFA019890F88D104FF62400C0F64E
:10A750000300FFF7E5FA35E041F29470C2F2000021
:10A76000009090F886104FF61C40C0F60300FFF7EB
:10A77000D7FA009890F8680000F001014FF61E40EB
:10A78000C0F60300FFF7CCFA009890F8690000F0DB
:10A7900001014FF62040C0F60300FFF7C1FA009810
:10A7A00090F88C104FF62240C0F60300FFF7B8FA7D
:10A7B000009890F88D104FF62440C0F60300FFF784
:10A7C000AFFAFFE741F29470C2F2000090F88610F1
:10A7D00040F6DC32C2F20002117090F8681001F00D
:10A7E000010140F6DE32C2F20002117090F86910E9
:10A7F00001F0010140F6A232C2F20002117090F89D
:10A800008C1040F6A832C2F20002117090F88D0050
:10A8100040F6DD31C2F20001087040F6E431C2F2C8
:10A82000000108780130087036E040F69F30C2F22F
:10A8300000000078C00760B1FFE740F6A030C2F228
:10A84000000001884FF62600C0F60300FFF768FA03
:10A850000BE040F6A030C2F2000001884FF626401F
:10A86000C0F60300FFF75CFAFFE740F6A031C2F242
:10A87000000108880130088040F69F31C2F20001D3
:10A8800008780130087000F009F840F6E431C2F2AF
:10A89000000101200870FFE70AB080BD42F21001FC
:10A8A000C4F20201086840F08000086042F25001E2
:10A8B000C4F20201086840F08000086070470000A0
:10A8C00082B00190019800688DF800000198013075
:10A8D0000190019800688DF801009DF801109DF825
:10A8E000000040EA0120ADF80200BDF8020002B00D
:10A8F0007047000080B586B0059003208DF81300E6
:10A900000598B0F1006F27D3FFE705984FF6FF7168
:10A91000C0F6070188421FD8FFE742F21001C4F2D7
:10A9200002010391086840F002000860059842F2B5
:10A930001402C4F202021060086840F0400008608F
:10A940004FF08040FFF75CF903998DF81300086819
:10A9500020F00200086052E005980021C0F60801CE
:10A96000884224D3FFE70598000D80281FD8FFE711
:10A9700042F25001C4F202010291086840F0020064
:10A980000860059842F25402C4F20202106008689E
:10A9900040F0400008604FF08040FFF793F90299C3
:10A9A0008DF81300086820F00200086026E0059882
:10A9B000B0F1046F21D3FFE742F29001C4F202012B
:10A9C0000191086840F002000860059842F2940284
:10A9D000C4F202021060086840F0400008604FF0C6
:10A9E000FF3000F053F801998DF81300086820F04B
:10A9F0000200086000F008F8FFE7FFE7FFE79DF8B6
:10AA0000130006B080BD00004FF00460006841F202
:10AA10000000C0F64000006842F20000C0F64000AE
:10AA20000068704781B003208DF8030042F28C006B
:10AA3000C4F202000068C00720B1FFE700208DF8D3
:10AA400003001FE042F28C00C4F20200006880089C
:10AA5000C00720B1FFE701208DF8030011E042F2AA
:10AA60008C00C4F2020000680009C00720B1FFE7B3
:10AA700002208DF8030003E003208DF80300FFE7B8
:10AA8000FFE7FFE79DF8030001B0704780B584B091
:10AA9000039003208DF80B00FFF7C4FF8DF80B0027
:10AAA000FFE79DF80B100020019031B9FFE70398F4
:10AAB000002818BF01200190FFE70198C00740B1AE
:10AAC000FFE7FFF7AFFF8DF80B0003980138039005
:10AAD000E7E7039820B9FFE704208DF80B00FFE7B4
:10AAE0009DF80B0004B080BD80B5FFF793F980BDE1
:10AAF00042F20401C4F2020140F22312C4F267528E
:10AB00000A6048F6AB10CCF6EF50086042F2440100
:10AB1000C4F202010A6008607047000080B586B088
:10AB20000590049103208DF80F000598B0F1006F97
:10AB300020D3FFE705984FF6FF71C0F60701884262
:10AB400018D8FFE742F21001C4F20201029108682E
:10AB500040F0010008600498059908604FF48010E7
:10AB6000FFF74EF802998DF80F00086820F00100F9
:10AB7000086044E005980021C0F6080188421DD312
:10AB8000FFE70598000D802818D8FFE742F2500132
:10AB9000C4F202010191086840F0010008600498C5
:10ABA000059908604FF48010FFF78CF801998DF833
:10ABB0000F00086820F0010008601FE00598B0F160
:10ABC000046F1AD3FFE742F29001C4F20201009130
:10ABD000086840F0010008600498059908604FF487
:10ABE0008010FFF753FF00998DF80F00086820F0E0
:10ABF00001000860FFF708FFFFE7FFE7FFE79DF8A8
:10AC00000F0006B080BD000080B582B040F60000A5
:10AC1000C4F201004FF4807101F01CF920B9FFE784
:10AC200001208DF8070003E000208DF80700FFE702
:10AC30009DF8070002B080BD80B584B08DF80F008C
:10AC40009DF80F1042F60000C4F2010001900122AD
:10AC500002920723FCF760FC01980299FCF762FD61
:10AC6000FFE742F60000C4F201000221FCF73AFCC3
:10AC700008B9FFE7F5E742F60000C4F20100FCF76F
:10AC8000FDFC04B080BD0000D0B502AF86B007F86F
:10AC9000090C07F80A1C17F80A0C694647F8101C3B
:10ACA000072101EB400121F007026946891A8D4610
:10ACB00047F8201C47F8140C002047F8180C07F838
:10ACC000190CFFE717F8190C17F80A1C884211DA5B
:10ACD000FFE717F8090CFFF7AFFF57F8201C17F82C
:10ACE000192C21F81200FFE717F8190C013007F8AA
:10ACF000190CE7E7012007F8190CFFE717F8190C02
:10AD000017F80A1C0139884212DAFFE757F8200CBD
:10AD100017F8191C30F8111057F8180C084447F8A8
:10AD2000180CFFE717F8190C013007F8190CE5E7C4
:10AD300057F8180C17F80A1C0239B0FBF1F057F855
:10AD4000101C8D4680B2A7F10804A546D0BD0000B6
:10AD500089B0002003908DF80B00FFE79DF80B00F1
:10AD600009282ADCFFE7002001908DF80300FFE7A7
:10AD70009DF803000F2812DCFFE79DF8031040F256
:10AD80000830C2F2000030F8111001980844019018
:10AD9000FFE79DF8030001308DF80300E8E7019814
:10ADA000C0089DF80B2004A921F81200FFE79DF8C8
:10ADB0000B0001308DF80B00D0E701208DF80B005F
:10ADC000FFE79DF80B0008280FDCFFE79DF80B104C
:10ADD00004A830F81110039808440390FFE79DF889
:10ADE0000B0001308DF80B00EBE70398C0F3CF00A8
:10ADF00009B0704780B582B040F60040C4F201004F
:10AE00004FF4804101F026F820B9FFE701208DF8CA
:10AE1000070003E000208DF80700FFE79DF807001A
:10AE200002B080BD80B582B040F60040C4F201009F
:10AE30004FF4004101F00EF820B9FFE701208DF832
:10AE4000070003E000208DF80700FFE79DF80700EA
:10AE500002B080BD80B582B04FF60000C0F603009E
:10AE6000FFF72EFD41F29471C2F2000101910886B4
:10AE70004FF60200C0F60300FFF722FD0199888615
:10AE80004FF60400C0F60300FFF71AFD019908878A
:10AE90004FF60600C0F60300FFF712FD0199888700
:10AEA0004FF60800C0F60300FFF70AFD019981F88C
:10AEB00088004FF60A00C0F60300FFF701FD019974
:10AEC000A1F840004FF60C00C0F60300FFF7F8FCB5
:10AED0000199A1F844004FF60E00C0F60300FFF7F9
:10AEE000EFFC019981F889004FF61000C0F60300CD
:10AEF000FFF7E6FC0199A1F848004FF61200C0F6F2
:10AF00000300FFF7DDFC0199A1F84C004FF6140097
:10AF1000C0F60300FFF7D4FC019981F88A004FF6D0
:10AF20001600C0F60300FFF7CBFC0199A1F8500012
:10AF30004FF61800C0F60300FFF7C2FC0199A1F814
:10AF400054004FF61A00C0F60300FFF7B9FC019950
:10AF500081F88B004FF61C00C0F60300FFF7B0FC31
:10AF6000019981F886004FF61E00C0F60300FFF736
:10AF7000A7FC0199002818BF012081F868004FF64E
:10AF80002000C0F60300FFF79BFC0199002818BFC2
:10AF9000012081F869004FF62200C0F60300FFF798
:10AFA0008FFC019981F88C004FF62400C0F6030055
:10AFB000FFF786FC019981F88D0002B080BD00008A
:10AFC00080B582B04FF60040C0F60300FFF778FC72
:10AFD00041F29471C2F20001019108864FF60240DD
:10AFE000C0F60300FFF76CFC019988864FF6044019
:10AFF000C0F60300FFF764FC019908874FF606408E
:10B00000C0F60300FFF75CFC019988874FF6084003
:10B01000C0F60300FFF754FC019981F888004FF651
:10B020000A40C0F60300FFF74BFC0199A1F840006D
:10B030004FF60C40C0F60300FFF742FC0199A1F85F
:10B0400044004FF60E40C0F60300FFF739FC0199AB
:10B0500081F889004FF61040C0F60300FFF730FC7E
:10B060000199A1F848004FF61240C0F60300FFF71F
:10B0700027FC0199A1F84C004FF61440C0F60300DC
:10B08000FFF71EFC019981F88A004FF61640C0F6C2
:10B090000300FFF715FC0199A1F850004FF6184086
:10B0A000C0F60300FFF70CFC0199A1F854004FF61D
:10B0B0001A40C0F60300FFF703FC019981F88B00EA
:10B0C0004FF61C40C0F60300FFF7FAFB019981F828
:10B0D00086004FF61E40C0F60300FFF7F1FB019912
:10B0E000002818BF012081F868004FF62040C0F604
:10B0F0000300FFF7E5FB0199002818BF012081F844
:10B1000069004FF62240C0F60300FFF7D9FB019912
:10B1100081F88C004FF62440C0F60300FFF7D0FB07
:10B12000019981F88D0002B080BD000084B0ADF8B7
:10B130000C008DF80B100A20C0F20100019040F2C3
:10B14000E830C0F2640000909DF80B00042804DB96
:10B15000FFE700208DF80F0015E0BDF80C009DF80A
:10B160000B20694631F81210B0FBF1F049F69A1144
:10B17000C1F69911A0FB012101EB8101A0EB410077
:10B180008DF80F00FFE79DF80F0004B07047000036
:10B1900080B586B000F054FC002840F08380FFE7C3
:10B1A00000F066FC00287DD1FFE700F079FC002864
:10B1B00078D1FFE700F08CFC002873D1FFE7FFF7A0
:10B1C00023FD00286ED1FFE700F064FD002869D15F
:10B1D000FFE700F0C5FC002864D1FFE7FFF70AFE97
:10B1E00000285FD1FFE7FFF71DFE00285AD1FFE7D7
:10B1F00000F086FC002855D1FFE700F099FC0028FC
:10B2000050D1FFE740F60841C2F20001002008706B
:10B2100041F29470C2F2000090F8710000F0010059
:10B22000012809D0FFE741F29470C2F2000090F8C3
:10B230007200C007A8B3FFE740F25800C2F2000056
:10B240000168013901600068002829DCFFE740F24D
:10B250005801C2F200019620086041F29470C2F2D7
:10B26000000090F87100C00740B1FFE741F294710F
:10B27000C2F20001002081F87100FFE741F29470F2
:10B28000C2F2000090F87200C00740B1FFE741F23F
:10B290009471C2F20001002081F87200FFE7FFE71D
:10B2A000FFE7FFE700208DF81700FFE79DF8170084
:10B2B0000A2819DCFFE79DF8171040F26800C2F277
:10B2C000000000EB0110282100F0BEFE9DF81720C1
:10B2D00040F25C01C2F200018854FFE79DF81700BC
:10B2E00001308DF81700E1E740F60840C2F2000097
:10B2F0000078C007002840F0A183FFE741F2947076
:10B30000C2F2000090F88C00002840F09783FFE71D
:10B3100040F25C00C2F20000007818BBFFE741F287
:10B320009472C2F200020492108F1086908F908661
:10B33000022082F88600012082F8720082F87100F3
:10B3400082F8770082F878000021A2F87A1040F2A3
:10B350002012C2F20002517140F60841C2F200010F
:10B3600008706AE340F25C00C2F20000407828BB3B
:10B37000FFE741F29472C2F200020392B2F8400079
:10B380001086B2F844009086022082F886000120E0
:10B3900082F8720082F8710082F8770082F87800F3
:10B3A0000021A2F87A1040F22012C2F2000251717C
:10B3B00040F60841C2F2000108703DE340F25C0033
:10B3C000C2F20000807828BBFFE741F29472C2F21B
:10B3D00000020292B2F848001086B2F84C00908643
:10B3E000022082F88600012082F8720082F8710043
:10B3F00082F8770082F878000021A2F87A1040F2F3
:10B400002012C2F20002517140F60841C2F200015E
:10B41000087010E340F25C00C2F20000C07828BB64
:10B42000FFE741F29472C2F200020192B2F85000BA
:10B430001086B2F854009086022082F8860001201F
:10B4400082F8720082F8710082F8770082F8780042
:10B450000021A2F87A1040F22012C2F200025171CB
:10B4600040F60841C2F200010870E3E240F25C00DD
:10B47000C2F200000078022818D1FFE741F294716F
:10B48000C2F20001088E0887888E888791F88600AE
:10B4900081F8880040F22011C2F2000101204871B9
:10B4A00040F60841C2F200010870C2E240F25C00BE
:10B4B000C2F20000407802281AD1FFE741F29471ED
:10B4C000C2F20001088EA1F84000888EA1F8440065
:10B4D00091F8860081F8890040F22011C2F2000143
:10B4E0000120487140F60841C2F2000108709FE255
:10B4F00040F25C00C2F20000807802281AD1FFE717
:10B5000041F29471C2F20001088EA1F84800888EC1
:10B51000A1F84C0091F8860081F88A0040F22011D1
:10B52000C2F200010120487140F60841C2F2000158
:10B5300008707CE240F25C00C2F20000C078022891
:10B540001AD1FFE741F29471C2F20001088EA1F80E
:10B550005000888EA1F8540091F8860081F88B0085
:10B5600040F22011C2F200010120487140F608416A
:10B57000C2F20001087059E240F25C00C2F2000021
:10B580000079002840D1FFE741F29470C2F2000038
:10B5900090F86900C00780B9FFE741F29471C2F2E8
:10B5A0000001012081F8690040F60040C4F201006A
:10B5B0004FF4007100F090FB19E041F29470C2F278
:10B5C000000090F86900C00780B1FFE741F2947174
:10B5D000C2F20001002081F8690040F60040C4F288
:10B5E00001004FF4007100F06DFBFFE7FFE740F250
:10B5F0002011C2F200010020487140F60841C2F259
:10B6000000010120087010E240F25C00C2F200006C
:10B610004079002853D1FFE741F29470C2F2000054
:10B6200090F86800C007D8B9FFE741F29470C2F201
:10B630000000012180F86810018E40F60642C2F237
:10B6400000021180008EB0F5527F08DDFFE741F265
:10B650009471C2F200014FF452700886FFE717E0C0
:10B6600041F29470C2F2000090F86800C00770B117
:10B67000FFE741F29471C2F20001002081F86800F6
:10B6800040F60640C2F2000000880886FFE7FFE7A8
:10B6900041F29472C2F20002012082F8710082F835
:10B6A00077000021A2F87A1040F22012C2F20002C4
:10B6B000517140F60841C2F200010870B4E140F255
:10B6C0005C00C2F200008079D0B9FFE741F29472C9
:10B6D000C2F200024FF4FA701086012082F8710065
:10B6E00082F877000021A2F87A1040F22012C2F20C
:10B6F0000002517140F60841C2F20001087092E167
:10B7000040F25C00C2F20000C07980BBFFE741F26A
:10B710009470C2F2000090F88600D8B1FFE741F2C1
:10B720009470C2F2000090F87600C00750B1FFE7B5
:10B7300041F29471C2F20001002081F8760081F894
:10B740009000FFE741F29471C2F20001002081F8FD
:10B750008600FFE740F22011C2F20001002048718C
:10B7600040F60841C2F20001012008705AE140F29F
:10B770005C00C2F20000007A002867D1FFE741F2C6
:10B780009470C2F2000090F8860040B9FFE741F2E1
:10B790009471C2F20001022081F8860049E041F272
:10B7A0009470C2F2000090F8860002281BD1FFE7D7
:10B7B00041F29470C2F2000090F87600C00750B1D8
:10B7C000FFE741F29471C2F20001002081F8760097
:10B7D00081F89000FFE741F29471C2F2000100206D
:10B7E00081F8860024E041F29470C2F2000090F8E3
:10B7F000860001281BD1FFE741F29470C2F20000DD
:10B8000090F87600C00750B1FFE741F29471C2F2A0
:10B810000001002081F8760081F89000FFE741F2F6
:10B820009471C2F20001022081F88600FFE7FFE771
:10B83000FFE740F22011C2F200010020487140F6FB
:10B840000841C2F2000101200870EAE040F25C0009
:10B85000C2F20000407A00286BD1FFE741F29470F9
:10B86000C2F2000090F8860040B9FFE741F29471FF
:10B87000C2F20001012081F886004DE041F294708F
:10B88000C2F2000090F8860002281BD1FFE741F2C7
:10B890009470C2F2000090F87600C00750B1FFE744
:10B8A00041F29471C2F20001002081F8760081F823
:10B8B0009000FFE741F29471C2F20001012081F88B
:10B8C000860028E041F29470C2F2000090F88600F1
:10B8D00001281FD1FFE741F29470C2F2000090F8F6
:10B8E0007600C00768B1FFE741F29471C2F200012F
:10B8F000002081F87600012281F8862081F89000EE
:10B9000007E041F29471C2F20001002081F8860044
:10B91000FFE7FFE7FFE7FFE740F22011C2F2000177
:10B920000020487140F60841C2F200010120087071
:10B9300076E040F25C00C2F20000807A00286ED10E
:10B94000FFE741F29470C2F2000090F88E000128E7
:10B9500008D1FFE741F29471C2F20001002081F8A2
:10B960008E004AE041F29470C2F2000090F88E001E
:10B97000002841D1FFE741F29470C2F2000090F834
:10B980008600012821D1FFE741F29470C2F2000045
:10B9900090F87600C00778B9FFE741F29471C2F2DF
:10B9A0000001012081F88E0081F8770081F878008D
:10B9B0000020A1F87A0007E041F29471C2F2000180
:10B9C000002081F88E00FFE70EE041F29471C2F290
:10B9D0000001012081F88E0081F8770081F878005D
:10B9E0000020A1F87A00FFE740F6FC31C2F2000126
:10B9F0004FF6FF700860FFE7FFE741F29471C2F273
:10BA000000010020486640F22011C2F20001487196
:10BA100040F60841C2F2000101200870FFE7FFE78D
:10BA2000FFE7FFE7FFE7FFE7FFE7FFE7FFE7FFE7E6
:10BA3000FFE7FFE7FFE7FFE7FFE7FFE706B080BDAF
:10BA400080B582B041F20000C4F201004FF4806181
:10BA500000F000FA20B9FFE701208DF8070003E0AD
:10BA600000208DF80700FFE79DF8070002B080BDB9
:10BA700080B582B041F20000C4F201004FF40061D1
:10BA800000F0E8F920B9FFE701208DF8070003E096
:10BA900000208DF80700FFE79DF8070002B080BD89
:10BAA00080B582B040F60000C4F201004FF40041BE
:10BAB00000F0D0F920B9FFE701208DF8070003E07E
:10BAC00000208DF80700FFE79DF8070002B080BD59
:10BAD00080B582B041F20000C4F201004FF4805101
:10BAE00000F0B8F920B9FFE701208DF8070003E066
:10BAF00000208DF80700FFE79DF8070002B080BD29
:10BB000080B582B041F20000C4F201004FF4004160
:10BB100000F0A0F920B9FFE701208DF8070003E04D
:10BB200000208DF80700FFE79DF8070002B080BDF8
:10BB300080B582B040F60040C4F201004FF40051DD
:10BB400000F088F920B9FFE701208DF8070003E035
:10BB500000208DF80700FFE79DF8070002B080BDC8
:10BB600080B582B041F20040C4F20100042100F02F
:10BB700071F920B9FFE701208DF8070003E00020EC
:10BB80008DF80700FFE79DF8070002B080BD0000B8
:10BB900041F29471C2F200014FF4FA7008864FF43A
:10BBA0007A728A864FF4C87008878A87022081F8E3
:10BBB00088004FF41673A1F8403040F2DC53A1F82E
:10BBC000443081F889004FF44873A1F848304FF4AD
:10BBD000FA63A1F84C3081F88A00A1F8502040F6B1
:10BBE000C412A1F8542081F88B00002081F886004F
:10BBF00081F8680081F8690081F88C0081F88D0077
:10BC00007047000080B586B0002001900590049038
:10BC100001F092F80146019803910290FFE7029823
:10BC2000011D029190BBFFE7FCF78CF900900846DC
:10BC3000009941F64802C2F20002D2E90032C91866
:10BC4000504104910590049A059841F63001C2F2E2
:10BC50000001D1E90031D21A884109DAFFE741F643
:10BC60003000C2F20000D0E900010591049008E024
:10BC70000498059941F63002C2F20002C2E90001BF
:10BC8000FFE7FFE7039801F069F9C8E70498059911
:10BC900006B080BD80B582B041F20000C4F2010060
:10BCA0004FF4804100F0D6F820B9FFE701208DF86D
:10BCB000070003E000208DF80700FFE79DF807006C
:10BCC00002B080BD82B00190ADF80210BDF8020054
:10BCD0000199486102B0704782B00190ADF802103E
:10BCE000BDF802000199086102B0704781B0009070
:10BCF00000994FF6FF700860009900208871009944
:10BD0000087100990420487100990120C87101B0A0
:10BD10007047000084B00390029102980068ADF86B
:10BD2000000002988079032804D1FFE70020ADF8D5
:10BD300002002FE002988079E0B9FFE7029840798D
:10BD400000F00F00ADF8020002984079182805D1E4
:10BD5000FFE7BDF80000039908610AE00298407906
:10BD6000282805D1FFE7BDF8000003994861FFE7E7
:10BD7000FFE70EE002990A798879C97900F0080096
:10BD800002F00402104401F003010844ADF802007F
:10BD9000FFE7FFE79DF8000040B3FFE700200190B8
:10BDA000FFE70198072820D8FFE70199BDF80000B8
:10BDB000C840C007A0B1FFE7019881000F2000FA3A
:10BDC00001F20399086890430860BDF802000199E8
:10BDD000890000FA01F20399086810430860FFE740
:10BDE000FFE7019801300190DBE7FFE7BDF80000B5
:10BDF000B0F5807F2CDBFFE79DF80100ADF8000077
:10BE000000200190FFE70198072820D8FFE701995B
:10BE1000BDF80000C840C007A0B1FFE7019881004D
:10BE20000F2000FA01F20399486890434860BDF87A
:10BE300002000199890000FA01F203994868104351
:10BE40004860FFE7FFE7019801300190DBE7FFE77B
:10BE500004B0704782B00190ADF8021000208DF858
:10BE60000100BDF80200019989680140884204D0B0
:10BE7000FFE700208DF8010003E001208DF80100AC
:10BE8000FFE79DF8010002B07047000085B0049004
:10BE90008DF80F109DF813000021C4F20101084332
:10BEA0000290BDF812008DF803000498000A8DF886
:10BEB000020004988DF801009DF802009DF803101F
:10BEC0000844C0F120014FF0FF30884001900198F4
:10BED0009DF802109DF803201144C1F12001C840D3
:10BEE000019001989DF80310C840019001989DF8B9
:10BEF000031088400190019A0299086890430860F5
:10BF00009DF80F0058B1FFE79DF801009DF8031060
:10BF100000FA01F20299086810430860FFE705B0D3
:10BF20007047000080B582B040F60940C2F20000C0
:10BF30000078022815D1FFE7FEF7DAFD43F600008E
:10BF4000C0F600000190FEF7D5FC019844F63831A8
:10BF5000C4F25411FEF7E2FDFEF7A0FC00F022FD52
:10BF6000FFE702B080BD000080B543F60000C0F6D8
:10BF70000000006844F63831C4F2541188420BD1F5
:10BF8000FFE7FEF7B5FD43F60000C0F60000FEF740
:10BF9000B1FCFEF783FCFFE780BD000080B5FFF732
:10BFA000C1FF80BD80B584B08DF80F0000200090E7
:10BFB0008DF80E0000F0C0FE01460098029101903D
:10BFC000FFE70198011D019178B9FFE79DF80F0087
:10BFD00000F0010000F0E2FE8DF80E0000F0A4FE7B
:10BFE000FFE7029800F0BAFFEBE701F041FF41F6EE
:10BFF0004801C2F200010020C1E9000041F65001F1
:10C00000C2F20001C1E9000041F65801C2F200018C
:10C01000C1E9000041F63001C2F20001C1E90000AF
:10C0200041F64001C2F20001C1E9000041F63801C9
:10C03000C2F20001C1E90000FBF7A2F99DF80E0071
:10C0400000F0010004B080BD80B584B0039002917F
:10C05000039800780146019103286BD80199DFE825
:10C0600001F0021A5D480399002048600398C068F7
:10C070008047012804D1FFE703990120087009E0F7
:10C0800040F26701C2F20001042008700399002009
:10C090000870FFE74EE00398C0688047012805D18B
:10C0A000FFE70399486801304860FFE70398C068DC
:10C0B000804720B9FFE7039902200870FFE7039942
:10C0C0008868013888600398806888B9FFE7039919
:10C0D00032208860039840680299884204DBFFE7B9
:10C0E00003990320087025E003990220087021E0DD
:10C0F00020E00398C068804701280AD1FFE7039930
:10C100000320087040F26701C2F2000102200870AB
:10C1100003E0039900200870FFE70BE00399322049
:10C12000886003990020087040F26701C2F20001A4
:10C130000870FFE740F26700C2F20000007804B028
:10C1400080BD000080B5FFF723F880BD80B5FFF704
:10C15000F9FF80BD80B582B040F69730C2F2000092
:10C1600000780146019120B1FFE7019801281DD018
:10C1700027E0FDF76FFA41F29470C2F2000090F8E8
:10C180009900C00728B1FFE7F9F774F9F9F750F9FA
:10C1900004E0FCF70BFE02F0F7F9FFE740F69731F9
:10C1A000C2F200010878013008700BE0FAF7E8F8F5
:10C1B00000F00EF840F69731C2F20001002008703E
:10C1C00000E0FFE702B080BD80B5FFF7C3FF80BD90
:10C1D00080B584B020208DF80F0000208DF80E006F
:10C1E00041F29470C2F2000090F89800002840F0EC
:10C1F000AE81FFE741F29470C2F2000090F8901017
:10C2000090F89100884215D1FFE741F29470C2F294
:10C21000000090F8861090F8870088420AD1FFE766
:10C2200041F29470C2F2000090F87600C007002836
:10C2300074D0FFE741F29470C2F2000090F89010C1
:10C2400080F8911090F8861080F8871090F8900090
:10C2500048B1FFE741F29470C2F2000090F8860006
:10C26000002847D0FFE741F29470C2F2000090F836
:10C27000860020B9FFE720208DF80F0039E041F259
:10C280009470C2F2000090F88600022804D1FFE703
:10C29000A0208DF80F002BE041F29470C2F2000054
:10C2A00090F88600012822D1FFE741F29470C2F293
:10C2B000000090F87600C007A0B1FFE741F294704B
:10C2C000C2F2000090F87500C00728B9FFE72820E7
:10C2D0006021FAF785FE04E028202021FAF780FE8D
:10C2E000FFE703E060208DF80F00FFE7FFE7FFE7BF
:10C2F000FFE70DE041F29470C2F2000090F8900068
:10C30000012804D1FFE710208DF80F00FFE7FFE7B9
:10C310009DF80F102820FAF763FEFFE740F60A4069
:10C32000C2F20000007800F0010041F29471C2F204
:10C33000000191F8691001F00101884223D1FFE763
:10C3400040F60C40C2F20000007800F0010041F21B
:10C350009471C2F2000191F8681001F00101884265
:10C3600011D1FFE740F60B40C2F20000007800F068
:10C37000010041F29471C2F2000191F88C108842E0
:10C3800000F0E480FFE741F29470C2F2000090F800
:10C39000691001F0010140F60A42C2F20002117078
:10C3A00090F8681001F0010140F60C42C2F2000260
:10C3B000117090F88C10002918BF012140F60B4233
:10C3C000C2F20002117090F88C0001285CD1FFE7E6
:10C3D00041F29470C2F2000090F86800C00768B1A2
:10C3E000FFE741F29470C2F2000090F86900C007C4
:10C3F00020B1FFE7D0208DF80E0044E041F29470A8
:10C40000C2F2000090F86800C00768B1FFE741F28F
:10C410009470C2F2000090F86900C00720B9FFE7ED
:10C4200050208DF80E002DE041F29470C2F2000011
:10C4300090F86800C00768B9FFE741F29470C2F253
:10C44000000090F86900C00720B1FFE790208DF848
:10C450000E0016E041F29470C2F2000090F86800FD
:10C46000C00768B9FFE741F29470C2F2000090F88B
:10C470006900C00720B9FFE710208DF80E00FFE724
:10C48000FFE7FFE7FFE75BE041F29470C2F20000D4
:10C4900090F86800C00768B1FFE741F29470C2F2FB
:10C4A000000090F86900C00720B1FFE7C0208DF8B8
:10C4B0000E0044E041F29470C2F2000090F868006F
:10C4C000C00768B1FFE741F29470C2F2000090F833
:10C4D0006900C00720B9FFE740208DF80E002DE06D
:10C4E00041F29470C2F2000090F86800C00768B989
:10C4F000FFE741F29470C2F2000090F86900C007B3
:10C5000020B1FFE780208DF80E0016E041F2947014
:10C51000C2F2000090F86800C00768B9FFE741F276
:10C520009470C2F2000090F86900C00720B9FFE7DC
:10C5300000208DF80E00FFE7FFE7FFE7FFE7FFE7CA
:10C540009DF80E102920FAF74BFDFFE749E041F274
:10C550009470C2F2000090F87C0000F00100012805
:10C5600009D0FFE741F29470C2F2000090F87D001C
:10C57000C00788B1FFE741F29471C2F200010020C8
:10C5800081F87D002820FF210291FAF729FD029908
:10C590002920FAF725FD23E041F29470C2F2000051
:10C5A00090F86F00C007D0B9FFE741F29470C2F273
:10C5B000000090F87D00C00788B9FFE741F2947150
:10C5C000C2F20001012081F87D00282000210191A4
:10C5D000FAF706FD01992920FAF702FDFFE7FFE7C8
:10C5E000FFE704B080BD000080B58CB0002007904C
:10C5F0000B904FF000604FF4804100F0D5F902F04D
:10C6000089FD02F035FD02F0C3FB02F0D1FC02F01F
:10C61000E5FD02F005FC02F0C5FB40F20832C2F273
:10C62000000202920820C4F20200019042F24C4142
:10C63000C4F20101102302F0E1FB019801210691EF
:10C64000FDF7BCF802F090FE02F0ACFA02F03CFA02
:10C6500002F0F2FD02F020FE02F056FB02F03AFB7F
:10C6600002F0E6FE02990798C86188614861086196
:10C67000C86088604860086001F05CFA41F62410E8
:10C68000C2F20000059082684BF69D70C0F6000073
:10C690006421039190470598826849F60930C0F6F5
:10C6A00000004FF47A719047059882684CF621504B
:10C6B000C0F600000A210491904704990598826809
:10C6C0004CF2C910C0F600009047039905988268A3
:10C6D00047F67520C0F600009047039905988268D8
:10C6E00046F23D10C0F60000904703990598826815
:10C6F0004CF24D10C0F600009047049905988268EE
:10C7000048F24D00C0F600009047059882684FF24D
:10C710006540C0F6000028219047059882684AF6D7
:10C72000E920C0F6000032219047069905988268FA
:10C7300047F6F160C0F6000090470698FFF732FC1C
:10C7400006990798F9F79CFA41F29470C2F200003A
:10C75000F9F702FD40F2C010C2F200000621FDF719
:10C76000E7F940F29820C2F200000721FDF7E0F956
:10C7700040F20820C2F200000E21FDF7D9F940F284
:10C780005020C2F200000821FDF7D2F941F6441012
:10C79000C2F20000B7EE000A8DED080A9FED131AF1
:10C7A0008DED091ADFED121ACDED0A1AF0EE410AED
:10C7B000F8F71CFE9DED080A9DED091ADDED0A1A39
:10C7C00040F64430C2F20000F0EE410AF8F70EFEE7
:10C7D000FAF7A2FBF8F7A0FAFFF7C6FBFFE741F66E
:10C7E0002410C2F2000040688047F8E70000000013
:10C7F0000000704280B584B002900298006C0E2850
:10C800002AD8FFE7029890F84600FEF715FA00EEE6
:10C81000100AB8EE400A0298016C00EB810080ED2E
:10C82000000A0298016C00EB810191ED001A90ED75
:10C830000F0AB8EE400A30EE010ABCEEC00A80EDE5
:10C840000F0A0299086C013008640299C86B096CE0
:10C85000B0FBF1F003901DE00299C86B48F6890225
:10C86000C8F688020192A0FB0232A0EBD200C86396
:10C87000029890F84600FEF7DFF901990346029A04
:10C88000D06B1844D0630298C06BA0FB0110C008A5
:10C890000390FFE7039804B080BD000083B00190CF
:10C8A00000910198006C0E281AD8FFE79DED000A50
:10C8B000B8EE400A0198016C00EB810080ED000A9F
:10C8C000009A0199C86B1044C8630199086C013043
:10C8D00008640199C86B096CB0FBF1F002903AE072
:10C8E0000198B0F8441000EB810191ED001A90ED31
:10C8F0000F0AB8EE400A30EE410ABCEEC00A80EDE5
:10C900000F0A9DED000AB8EE400A0198B0F84410F5
:10C9100000EB810080ED000A009A0199C86B104479
:10C92000C8630199B1F84400013041F21212C1F21A
:10C930001112A0FB0232C2EB0212801AA1F84400CD
:10C940000198C06B48F68901C8F68801A0FB011068
:10C95000C0080290FFE7029803B0704780B584B02A
:10C960008DF80F000291019200200090FAF784FCEC
:10C970000299019AF9F7ACFB00909DF90F0000991C
:10C98000FAF7A4FC9DF90F00FAF756FC04B080BD3D
:10C9900080B582B08DF807009DF80700FAF7B8FC63
:10C9A00002B080BDFAF7D2FC82B0019000910198EC
:10C9B00000994FF68072C1F6FF72114008434EF69F
:10C9C0000851CEF20001086002B0704780B582B015
:10C9D00041F29470C2F20000012180F8761090F8C4
:10C9E0008600022838D1FFE740F21001C2F20001B0
:10C9F000019108680138086040F60000C4F20100A7
:10CA00000121FFF769F940F60040C4F201004FF43C
:10CA10008051FFF761F9019841F29472C2F200026D
:10CA2000002182F88E100068002814DCFFE741F234
:10CA30009471C2F20001002081F8900081F88F000B
:10CA4000012281F88E2081F8760040F68431C2F20E
:10CA500000010870FFE722E041F29470C2F200008A
:10CA600090F88600012819D1FFE741F29472C2F2D2
:10CA70000002012182F88F10002082F88E0040F61B
:10CA80000000C4F20100FFF727F940F60040C4F2AD
:10CA900001004FF48051FFF71FF9FFE7FFE702B0F5
:10CAA00080BD000080B582B041F29470C2F20000F7
:10CAB00090F89800012809D0FFE741F29470C2F283
:10CAC000000090F89800022808D1FFE741F2947125
:10CAD000C2F20001002081F88E0072E041F29470F1
:10CAE000C2F2000090F88E1090F88F00884267D054
:10CAF000FFE741F29470C2F2000090F88F00A8BBEB
:10CB0000FFE741F29470C2F2000090F88E00012815
:10CB10002CD1FFE741F29470C2F2000090F892002D
:10CB2000C00710B3FFE740F6FC31C2F200014FF638
:10CB3000FF70086040F60040C4F201004FF48051DD
:10CB4000FFF7C0F840F60000C4F201000121019196
:10CB5000FFF7B8F8019841F29471C2F20001002287
:10CB600081F8922081F88F00FFE728E041F294706D
:10CB7000C2F2000090F88F0001281FD1FFE741F2B8
:10CB80009470C2F2000090F88E00B8B9FFE741F24D
:10CB90009471C2F20001002081F88F0040F600403D
:10CBA000C4F201004FF48051FFF796F840F6000000
:10CBB000C4F201000121FFF78FF8FFE7FFE7FFE76D
:10CBC000FFE702B080BD000080B541F28610C2F2DE
:10CBD00000000188013101800088052809D1FFE7A4
:10CBE00000F00EF841F28611C2F200010020088028
:10CBF000FFE741F28810C2F20000F9F757FC80BD50
:10CC000080B588B041F28C70C2F200000078014615
:10CC1000079140B1FFE70798012872D0FFE7079816
:10CC200002287AD07AE041F28811C2F20001039121
:10CC3000D12081F8020101F581700590012281F86F
:10CC4000032181F804210423009381F805314FF07A
:10CC5000020CCDF818C081F806C10023049381F8B6
:10CC600007314FF00A0E81F808E181F809C181F817
:10CC70000A214FF0030C81F80BC181F80C2181F8D7
:10CC80000D3181F80E3181F80F3181F8103181F8C2
:10CC9000113181F81231C1F8043201F501710191AD
:10CCA0001023FBF7E9FB00990198FBF799FC41F28F
:10CCB0009071C2F2000102910860FBF7B3FC029A86
:10CCC000039B0498059992F803C083F813C1B2F846
:10CCD00002C083F814C1D2F800C04FEA1C2C83F8BC
:10CCE00015C1126883F81621F02283F81721162245
:10CCF00001F004FB069841F28C71C2F20001087049
:10CD00000CE041F28C71C2F200010220087040F682
:10CD10000941C2F20001087000E0FFE708B080BDE1
:10CD200080B5FFF751FF80BD4EF60451CEF20001F1
:10CD30004FF000700860704782B0EFF310800190F0
:10CD40000198009072B6009802B0704782B0EFF37D
:10CD5000108001900198009072B6009802B0704760
:10CD60004EF21400CEF2000000684EF21801CEF22E
:10CD700000010968401A4FF0000161F1000170479D
:10CD800040F20800C2F20000006870474EF2140042
:10CD9000CEF20000006800217047000080B584B02A
:10CDA0008DF80F00FFE79DF80F00C00708B1FFE7FF
:10CDB00024E0FFF7CBFF029000200190FFE70198ED
:10CDC000011D0191C8B9FFE74EF21001CEF200013A
:10CDD000002008604EF21403CEF200036FF07F4291
:10CDE0001A604EF21802CEF20002106007200860AE
:10CDF000FFE7029800F0BCF8E1E7FFE7012004B08C
:10CE000080BD000010B594B0FFF7C0FF0590084644
:10CE10000599013140F1000012911390FFF78CFF4A
:10CE2000119000201090FFE71098011D109100282C
:10CE300046D1FFE7DDF848C0139B41F64802C2F235
:10CE40000002D2E9000110EB0C005941C2E90001D7
:10CE5000FFE741F66000C2F2000004900168129AF8
:10CE60001398891840F100000E910F900E980F99B9
:10CE700040F21812C2F20002039212680023F7F780
:10CE8000ADF9039A0B4604990D930C900C9CDDF8B8
:10CE900034E041F6500CC2F2000CDCE9000300194A
:10CEA00043EB0E03CCE900030E9B0C98126800FBC9
:10CEB00012300860FFE7FFE7119800F04FF8B3E782
:10CEC000FFF73AFF0B9000200A90FFE70A98011D38
:10CED0000A91C0BBFFE7FFE741F66400C2F2000021
:10CEE00002900168129A1398891840F10000089185
:10CEF00009900898099940F21C12C2F200020192AE
:10CF000012680023F7F76AF9019A0B460299079312
:10CF10000690069CDDF81CE041F6580CC2F2000CAD
:10CF2000DCE90003001943EB0E03CCE90003089B86
:10CF30000698126800FB12300860FFE7FFE70B98C5
:10CF400000F00CF8C2E714B010BD00004EF604501B
:10CF5000CEF200000068C0F38060704782B000909D
:10CF600000980190019880F3108802B0704700008B
:10CF700082B0009000980190019880F3108802B070
:10CF80007047000084B003900291ADF806200020A5
:10CF9000009003990880039948800299039A916050
:10CFA000BDF80610039A91800090FFE7009803995E
:10CFB000898888420ADAFFE703988168009A00208E
:10CFC0008854FFE7009801300090EFE7002004B09C
:10CFD0007047000081B00090009908884988401A85
:10CFE000B0FA80F0400901B07047000081B00090B5
:10CFF00000990888431C8A88B3FBF2F000FB1230CA
:10D000004988401AB0FA80F0400901B0704700002A
:10D0100080B584B0029001910298FFF7DBFF20B148
:10D02000FFE702208DF80F0012E002998868498816
:10D03000405C0199087002994888431C8A88B3FBB8
:10D04000F2F000FB1230488000208DF80F00FFE75F
:10D050009DF80F0004B080BD80B584B002908DF8BB
:10D0600007100298FFF7C2FF20B1FFE701208DF8FB
:10D070000F0012E09DF80700029A91681288885408
:10D0800002990888431C8A88B3FBF2F000FB123037
:10D09000088000208DF80F00FFE79DF80F0004B016
:10D0A00080BD000080B588B00020079006900590F4
:10D0B000049003900290FBF709FE8DF807009DF89D
:10D0C00007000146009140B1FFE7009801282BD0EE
:10D0D000FFE70098022831D090E041F25400C4F2FA
:10D0E00002000068400AC00798B1FFE741F2300033
:10D0F000C4F202000068400EC00750B1FFE740F2E2
:10D100000801C2F2000146F60040C0F2DC200860CF
:10D1100009E040F20801C2F2000141F20020C0F231
:10D120007A000860FFE773E040F20801C2F20001F4
:10D1300041F20020C0F27A00086069E041F2040088
:10D14000C4F202000168C1F3004104910168C1F317
:10D15000834106910068C0F341700590059820B99D
:10D16000FFE706980F2807D1FFE70599069800EB1F
:10D1700001100130069003E0069802300690FFE7A8
:10D18000049860B9FFE7069840F60011C0F23D012F
:10D19000484340F20801C2F2000108602DE041F26C
:10D1A0000400C4F202000068400CC007C0B1FFE7F1
:10D1B00041F25400C4F202000068C0F3013007904D
:10D1C0000798811C41F20020C0F27A00B0FBF1F018
:10D1D0000699484340F20801C2F2000108600BE0E2
:10D1E000069841F20021C0F27A01484340F208015A
:10D1F000C2F200010860FFE7FFE709E040F2080122
:10D20000C2F2000141F20020C0F27A000860FFE79C
:10D2100041F20400C4F202000068C0F3031003905E
:10D2200003994FF2D140C0F60000405C029040F2FA
:10D230000801C2F200010868029AD040086008B0F4
:10D2400080BD000081B08DF803009DF80300042824
:10D2500009D1FFE74EF21001CEF20001086840F05C
:10D260000400086008E04EF21001CEF200010868E8
:10D2700020F004000860FFE701B0704780B584B07B
:10D280008DF80F0000208DF80E008DF80E00FFE7DE
:10D290009DF80E0007283CDCFFE79DF80F00000614
:10D2A000002809D5FFE741F20000C4F201004FF465
:10D2B0008071FEF711FD08E041F20000C4F20100A8
:10D2C0004FF48071FEF7FEFCFFE701200290FCF7AF
:10D2D0002BFA41F20000C4F2010000904FF40071FB
:10D2E0000191FEF7F9FC0298FCF71EFA00980199EB
:10D2F000FEF7E8FC0298FCF717FA9DF80F004000D3
:10D300008DF80F00FFE79DF80E0001308DF80E003C
:10D31000BEE7F7F7E9FA04B080BD000080B584B03D
:10D320008DF80F0000208DF80E008DF80E00FFE73D
:10D330009DF80E00032839DCFFE79DF80F0000067A
:10D34000002809D5FFE741F20000C4F201004FF4C4
:10D350008071FEF7C1FC08E041F20000C4F2010058
:10D360004FF48071FEF7AEFCFFE701200090FCF760
:10D37000DBF941F20000C4F2010001904FF40071AA
:10D380000291FEF7A9FC0098FCF7CEF901980299EA
:10D39000FEF798FC9DF80F0040008DF80F00FFE7A6
:10D3A0009DF80E0001308DF80E00C1E704B080BD7D
:10D3B00080B584B041F20000C4F2010002904FF445
:10D3C00080710191FEF788FC02984FF4007103917F
:10D3D000FEF782FC01990298FEF77EFC0120FCF723
:10D3E000A3F901990298FEF76DFC0520FCF79CF962
:10D3F00002980399FEF766FC04B080BD80B584B046
:10D4000041F20000C4F2010002904FF480710391D8
:10D41000FEF758FC02984FF400710191FEF75CFC96
:10D4200001200090FCF780F902980399FEF754FC64
:10D430000098FCF779F901990298FEF74DFC0298E3
:10D440000399FEF749FC04B080BD000083B0029050
:10D450000191009201980299C8620098029988622D
:10D460000299486940F00100486103B0704700002C
:10D4700085B004908DF80F1002929DF80F00ADF862
:10D480000600BDF8060001460091062816D800994E
:10D49000DFE801F0041408140C1410000298049939
:10D4A00048630CE002980499886308E002980499A4
:10D4B000C86304E002980499086400E0FFE705B03F
:10D4C0007047000082B001908DF803109DF8032092
:10D4D0000199086802F0030220F4407040EA02203B
:10D4E000086002B07047000082B001908DF8031010
:10D4F0009DF803200199086802F0070220F07000EF
:10D5000040EA0210086002B07047000082B001904B
:10D510008DF803109DF803200199086862F300005C
:10D52000086002B07047000082B00190009100983E
:10D53000C0430199086102B07047000083B00290B7
:10D5400001918DF803209DF80300012806D1FFE723
:10D55000019A0299C8681043C8600AE09DF8030068
:10D5600030B9FFE7019A0299C8689043C860FFE7A5
:10D57000FFE703B07047000083B0029001910020E4
:10D580008DF8030002980069019908420AD0FFE76C
:10D590000298C0680199084204D0FFE701208DF885
:10D5A000030003E000208DF80300FFE79DF803006F
:10D5B00003B0704783B002908DF807108DF80620F5
:10D5C0009DF80700ADF80400BDF804000146009185
:10D5D000062836D80099DFE801F0043410341C34F2
:10D5E00028009DF806200299886902F0010220F0C7
:10D5F000080040EAC200886124E09DF806200299F4
:10D60000886902F0010220F4006040EAC2208861CB
:10D6100018E09DF806200299C86902F0010220F086
:10D62000080040EAC200C8610CE09DF8062002999B
:10D63000C86902F0010220F4006040EAC220C8611B
:10D6400000E0FFE703B0704787B006908DF8171031
:10D6500004920020ADF80E00ADF80C00ADF80A0001
:10D660009DF817000830ADF808009DF81700093044
:10D67000ADF8060004984078BDF808108840ADF871
:10D680000E0004988078BDF806108840ADF80C00B4
:10D69000BDF80610012000FA01F3069A516899437B
:10D6A0005160BDF80C30069A516819435160BDF8BD
:10D6B000081000FA01F3069A516899435160BDF8C9
:10D6C0000E30069A5168194351609DF81710ADF855
:10D6D0000A109DF817104900ADF808109DF81720A2
:10D6E000022101EB4201ADF80610BDF8061000FA68
:10D6F00001F3069A116A99431162BDF8081000FA05
:10D7000001F20699086A90430862BDF80A000146D2
:10D71000009106284AD80099DFE801F0044815482E
:10D72000264837000699886920F00300886104982C
:10D7300002780699886902F0070220F0700040EA3A
:10D740000210886133E00699886920F4407088618E
:10D75000049802780699886902F0070220F4E040F4
:10D7600040EA0230886122E00699C86920F003008F
:10D77000C861049802780699C86902F0070220F08F
:10D78000700040EA0210C86111E00699C86920F4EF
:10D790004070C861049802780699C86902F00702CF
:10D7A00020F4E04040EA0230C86100E0FFE79DF865
:10D7B000170040000130ADF808009DF81710032055
:10D7C00000EB4100ADF806000498C078BDF80810E1
:10D7D0008840ADF80E0004980079BDF80610884026
:10D7E000ADF80C00BDF80610012000FA01F3069A0E
:10D7F000116A99431162BDF80C30069A116A1943F7
:10D800001162BDF8081000FA01F20699086A904307
:10D810000862BDF80E200699086A10430862049851
:10D8200040799DF8171049008840ADF80E00049823
:10D8300080799DF81720022101EB42018840ADF864
:10D840000C00BDF80C200699086A10430862BDF868
:10D850000E200699086A1043086207B0704700005E
:10D8600083B002908DF807108DF806209DF8070010
:10D87000ADF80400BDF8040001460091062836D832
:10D880000099DFE801F0043410341C3428009DF8BE
:10D8900006200299886902F0010220F0040040EAA3
:10D8A0008200886124E09DF806200299886902F0D0
:10D8B000010220F4806040EA8220886118E09DF82F
:10D8C00006200299C86902F0010220F0040040EA33
:10D8D0008200C8610CE09DF806200299C86902F038
:10D8E000010220F4806040EA8220C86100E0FFE786
:10D8F00003B0704782B001908DF803109DF80320AB
:10D900000199086802F0010220F0800040EAC2108C
:10D91000086002B07047000082B001908DF80310DB
:10D920009DF803200199486802F0070220F070007A
:10D9300040EA0210486002B07047000082B00190D7
:10D940008DF803109DF803200199086B20F0FF006B
:10D950001044086302B0704782B001908DF8031044
:10D960009DF803200199886802F0010220F08000F0
:10D9700040EAC210886002B07047000083B0019096
:10D98000ADF8021041F2E400C2F2000090F89C00F1
:10D990000A282FDCFFE7019941F2E402C2F20002FB
:10D9A00002F1180092F89C3003EB430340F8231077
:10D9B000BDF8021092F89C3003EB430300EB8303A5
:10D9C000D980BDF8021092F89C3003EB430300EBC2
:10D9D0008303998092F89C1001EB410100EB8101D7
:10D9E0000020087292F89C10013182F89C108DF88A
:10D9F0000B0003E001208DF80B00FFE79DF80B0002
:10DA000003B0704784B0029041F2E400C2F200001B
:10DA100090F89C0001287CDBFFE74EF21001CEF26B
:10DA20000001086820F00100086000208DF8070060
:10DA3000FFE79DF8070041F2E401C2F2000191F80E
:10DA40009C10884264DAFFE79DF8070000EB400174
:10DA500041F2E400C2F2000000EB8100806902990B
:10DA600088424ED1FFE741F2E400C2F2000000F12B
:10DA70001801009190F89C20013A80F89C2090F8C1
:10DA80009C2002EB420251F822209DF8073003EB64
:10DA9000430341F8232090F89C2002EB420201EB63
:10DAA0008202D2889DF8073003EB430301EB830326
:10DAB000DA8090F89C2002EB420201EB820292880D
:10DAC0009DF8073003EB430301EB83039A8090F842
:10DAD0009C0000EB400001EB8000007A9DF80720DD
:10DAE00002EB420201EB820108724EF21001CEF20B
:10DAF0000001086840F00100086000208DF80F0068
:10DB000013E0FFE79DF8070001308DF8070090E76C
:10DB1000FFE74EF21001CEF20001086840F001006C
:10DB2000086001208DF80F00FFE79DF80F0004B09A
:10DB30007047000010B541F2E401C2F200014DF659
:10DB4000AD30C0F6000048604DF68150C0F60000D0
:10DB500008604DF67D10C0F6000088604DF6052087
:10DB6000C0F60000C8604DF6E940C0F6000008614C
:10DB70004DF66140C0F600004861002081F89C002D
:10DB800008684A688B68D1F80CC0D1F810E04C697D
:10DB900041F62411C2F200014C61C1F810E0C1F855
:10DBA0000CC08B604A60086010BD000080B582B078
:10DBB00000208DF80700FFE79DF8070041F2E4011F
:10DBC000C2F2000191F89C10884246DAFFE79DF806
:10DBD000070000EB400141F2E400C2F2000000EB5C
:10DBE0008100808B90BBFFE79DF8070000EB4001B0
:10DBF00041F2E400C2F2000000EB810090F8200046
:10DC0000012823D0FFE79DF8070000EB400141F217
:10DC1000E400C2F20000183000EB8102D18891804C
:10DC20009DF8071001EB410150F8210068B1FFE7B2
:10DC30009DF8070000EB400141F2E400C2F2000051
:10DC400000EB810080698047FFE7FFE7FFE79DF871
:10DC5000070001308DF80700AEE702B080BD00007C
:10DC600083B001908DF8031000208DF80200FFE7CB
:10DC70009DF8020041F2E401C2F2000191F89C100B
:10DC8000884228DAFFE79DF8020000EB400141F2EC
:10DC9000E400C2F2000000EB810080690199884233
:10DCA00012D1FFE79DF803009DF8021001EB41023D
:10DCB00041F2E401C2F2000101EB820181F820008F
:10DCC00000208DF80B000AE0FFE79DF8020001300C
:10DCD0008DF80200CCE701208DF80B00FFE79DF8DE
:10DCE0000B0003B07047000083B00190ADF8021044
:10DCF00000208DF80100FFE79DF8010041F2E401EA
:10DD0000C2F2000191F89C10884231DAFFE79DF8D9
:10DD1000010000EB400141F2E400C2F2000000EB20
:10DD200081008069019988421BD1FFE7BDF802009C
:10DD30009DF8011001EB410241F2E401C2F2000141
:10DD4000183101EB82029080BDF802009DF801209D
:10DD500002EB420201EB8201C88000208DF80B002B
:10DD60000AE0FFE79DF8010001308DF80100C3E7EC
:10DD700001208DF80B00FFE79DF80B0003B0704702
:10DD800081B000208DF80300FFE79DF8030041F209
:10DD9000E401C2F2000191F89C10884223DAFFE707
:10DDA0009DF8030000EB400141F2E400C2F20000E4
:10DDB00000EB8100808B01280EDBFFE79DF803005C
:10DDC00000EB400141F2E400C2F2000000EB8101EF
:10DDD000888B01388883FFE7FFE79DF80300013057
:10DDE0008DF80300D1E701B07047000080B582B024
:10DDF0008DED010ACDED000A40F24410C2F20000A0
:10DE000090ED000A9DED011AB4EE410AF1EE10FA10
:10DE10000FD0FFE7019840F24411C2F20001086000
:10DE20009DED010ABDEEC00A10EE100AF6F7F4FDF2
:10DE3000FFE740F24810C2F2000090ED000A9DEDAD
:10DE4000001AB4EE410AF1EE10FA0FD0FFE7009885
:10DE500040F24811C2F2000108609DED000ABDEEDB
:10DE6000C00A10EE100AF6F723FEFFE702B080BDED
:10DE700080B584B0FEF784FF039003984DF683616C
:10DE8000C4F21B31A0FB0110800C40F21C11C2F245
:10DE900000010860039844F6D351C1F26201A0FB6F
:10DEA0000110800940F21811C2F200010860FEF76B
:10DEB00043FF029000200190FFE70198011D0191AE
:10DEC00008BBFFE7FDF79EFE40F6F032C2F200020B
:10DED000C2E90001FFE7BFF34F8FBFF36F8FFFE78A
:10DEE000FDF790FE40F6F031C2F20001D1E90012D8
:10DEF000401A40F60041C2F200010860FFE70298B4
:10DF0000FFF72CF8D9E704B080BD000081B0009085
:10DF10000098406880B201B07047000082B0019064
:10DF2000ADF80210BDF802006FF35F200199486060
:10DF300002B0704782B001908DF803109DF8032065
:10DF40000199C86802F0010220F4005040EA423012
:10DF5000C86002B07047000082B0019000919DF847
:10DF60000000C00628B1FFE70198006801984068EA
:10DF700004E00098C04301990860FFE702B07047D1
:10DF800083B001900091019800680099084204D084
:10DF9000FFE701208DF80B0003E000208DF80B0057
:10DFA000FFE79DF80B0003B07047000082B00190BE
:10DFB0008DF803109DF8030058B9FFE701994869EF
:10DFC00020F4807048610199486920F4007048612C
:10DFD00032E09DF8030001280BD1FFE70199486961
:10DFE00040F4807048610199486920F400704861EC
:10DFF00021E09DF8030002280BD1FFE70199486951
:10E0000020F4807048610199486940F400704861CB
:10E0100010E09DF8030003280BD1FFE70199486940
:10E0200040F4807048610199486940F4007048618B
:10E03000FFE7FFE7FFE7FFE702B0704780B58AB070
:10E04000099008918DF81F208DF81E3002A8FAF76C
:10E0500009FC099843F60001C4F20101884218D076
:10E06000FFE7099846F20001C4F20101884210D08E
:10E07000FFE7099846F20041C4F20101884208D046
:10E08000FFE7099846F60001C4F20101884203D176
:10E09000FFE70498019002E005980190FFE70198DE
:10E0A00000EB800040000899B0FBF1F00090009870
:10E0B0004CF6CD41CCF6CC41A0FB0121C90801EBC7
:10E0C0008101A0EB410004280AD8FFE700984CF634
:10E0D000CD41CCF6CC41A0FB0110C00800900BE074
:10E0E00000984CF6CD41CCF6CC41A0FB01010120BB
:10E0F00000EBD1000090FFE7BDF800200999886887
:10E100004FF6FF739843104488609DF81F200999CB
:10E11000C86802F0010220F4805040EA0230C86072
:10E120009DF81E200999086902F0030220F440506E
:10E1300040EA023008610AB080BD000083B002905E
:10E1400001918DF803209DF8030001280CD1FFE711
:10E15000019800F01F02012101FA02F30299020C5A
:10E160008858184388500BE0019800F01F020121E5
:10E1700001FA02F30299020C885898438850FFE78D
:10E1800003B0704782B001908DF803109DF8030032
:10E1900058B9FFE70199C86820F40070C860019978
:10E1A000C86820F48060C86021E09DF80300012861
:10E1B0000BD1FFE70199C86820F40070C86001998D
:10E1C000C86840F48060C86010E09DF80300022831
:10E1D0000BD1FFE70199C86840F40070C86001994D
:10E1E000C86840F48060C860FFE7FFE7FFE702B05F
:10E1F0007047000080B586B08DF8150004910020AE
:10E20000ADF80E009DF8150030B9FFE741F6B400F7
:10E21000C2F2000002902FE09DF81500012806D1FF
:10E22000FFE741F6D800C2F20000029023E09DF81B
:10E230001500022806D1FFE741F6FC00C2F20000FB
:10E24000029017E09DF81500032806D1FFE741F67C
:10E250006C00C2F2000002900BE09DF8150004284B
:10E2600006D1FFE741F69000C2F200000290FFE7FE
:10E27000FFE7FFE7FFE7FFE70298407B022805D0B2
:10E28000FFE7BDF80E00ADF8160021E0FFE70298A9
:10E290000499FEF7BDFE8DF807009DF8070048B908
:10E2A000FFE7BDF80E000130ADF80E000498013014
:10E2B0000490FFE7FFE79DF807000228E7D1FFE79A
:10E2C000029900204873BDF80E00ADF81600FFE774
:10E2D000BDF8160006B080BD82B001908DF8031025
:10E2E0009DF803200199C86802F0010220F00400A3
:10E2F00040EA8200C86002B07047000080B586B076
:10E300008DF815000491ADF80E200020ADF8060040
:10E31000ADF804009DF8150030B9FFE741F6B400F0
:10E32000C2F2000002902FE09DF81500012806D1EE
:10E33000FFE741F6D800C2F20000029023E09DF80A
:10E340001500022806D1FFE741F6FC00C2F20000EA
:10E35000029017E09DF81500032806D1FFE741F66B
:10E360006C00C2F2000002900BE09DF8150004283A
:10E3700006D1FFE741F69000C2F200000290FFE7ED
:10E38000FFE7FFE7FFE7FFE70020ADF80400FFE746
:10E39000BDF80400BDF80E10884216DAFFE70298B7
:10E3A00010300499BDF80420895CFEF755FE28B1B1
:10E3B000FFE7BDF80400ADF8160024E0FFE7BDF864
:10E3C00004000130ADF80400E2E70298407F012824
:10E3D00005D1FFE7BDF80400ADF8160013E0029880
:10E3E00010300DF10301FEF713FE0298006A9DF84C
:10E3F0000310FFF793FD029901204877BDF8040050
:10E40000ADF81600FFE7BDF8160006B080BD0000AD
:10E4100082B001908DF803109DF803200199C8681F
:10E4200002F0010220F0080040EAC200C86002B019
:10E430007047000080B582B08DED010ACDED000A75
:10E4400040F24C10C2F2000090ED000A9DED011A5E
:10E45000B4EE410AF1EE10FA0FD0FFE7019840F256
:10E460004C11C2F2000108609DED010ABDEEC00A28
:10E4700010EE100AF6F772FBFFE740F25010C2F2FE
:10E48000000090ED000A9DED001AB4EE410AF1EE95
:10E4900010FA0FD0FFE7009840F25011C2F20001CD
:10E4A00008609DED000ABDEEC00A10EE100AF6F7F6
:10E4B000A1FBFFE702B080BD80B582B040F25500FD
:10E4C000C2F20000007801460191092853D8019951
:10E4D000DFE801F0050A0F141A1F24292F5001212B
:10E4E0000846F9F77FF947E00A200121F9F77AF9A0
:10E4F00042E064200121F9F775F93DE04FF47A70AC
:10E500000121F9F76FF937E001200021F9F76AF9E5
:10E5100032E00A200021F9F765F92DE0642000219E
:10E52000F9F760F928E04FF47A700021F9F75AF909
:10E5300022E041F29470C2F2000090F86B100131B9
:10E5400080F86B10002180F86C1090F86B000528A3
:10E5500008DBFFE741F29471C2F20001002081F86C
:10E560006B00FFE741F29471C2F20001002081F8D4
:10E57000730001E0FFE7FFE740F25501C2F200013E
:10E580000920087002B080BD80B541F29470C2F2DB
:10E59000000090F87100C007E8B3FFE741F2947102
:10E5A000C2F20001488E098E884208D0FFE741F28E
:10E5B0009470C2F20000008EF8F706FAFFE741F20D
:10E5C0009471C2F200010020486640F25410C2F279
:10E5D0000000016801390160006800281ADCFFE7CB
:10E5E00041F29470C2F2000090F86B0090B9FFE71E
:10E5F00040F25411C2F2000140F6B830086041F216
:10E600009471C2F20001002081F871004FF6FF7092
:10E610004886FFE758E041F29470C2F2000090F89B
:10E620009000E0B9FFE741F29470C2F2000090F868
:10E630009800A0B9FFE741F29471C2F200010020F6
:10E640004866488E098E884208D0FFE741F29470F0
:10E65000C2F20000008EF8F7B7F9FFE733E041F2AD
:10E660009470C2F2000090F89000012808D0FFE7F3
:10E6700041F29470C2F2000090F8980010B3FFE7E6
:10E6800041F29470C2F20000416E01394166406E61
:10E69000002816DCFFE741F29471C2F20001C820A5
:10E6A00048664889098988420AD0FFE741F2947098
:10E6B000C2F20000018941810089F6F7F1FAFFE713
:10E6C000FFE7FFE7FFE7FFE780BD000084B08DF8BC
:10E6D0000F009DF80F00013801460291092800F251
:10E6E000FC800299DFE811F00A005C00F700F800F6
:10E6F000B000CF00F000D000AE00AF0041F2947047
:10E70000C2F2000090F88C00002848D1FFE741F2E7
:10E710009470C2F2000090F86B0001460191042849
:10E7200028D80199DFE801F0030A11181F0040F210
:10E730005501C2F20001012008701CE040F25501B1
:10E74000C2F200010320087015E040F25501C2F248
:10E750000001022008700EE040F25501C2F20001F3
:10E760000120087007E040F25501C2F200010020CC
:10E77000087000E0FFE741F29472C2F2000201214A
:10E7800082F877100020A2F87A0082F8731082F8DD
:10E79000711040F22011C2F200014871FFE79DE0C4
:10E7A00041F29470C2F2000090F88C00002848D129
:10E7B000FFE741F29470C2F2000090F86B0001464E
:10E7C0000091042828D80099DFE801F0030A111805
:10E7D0001F0040F25501C2F20001052008701CE044
:10E7E00040F25501C2F200010720087015E040F226
:10E7F0005501C2F20001062008700EE040F25501FA
:10E80000C2F200010520087007E040F25501C2F293
:10E8100000010420087000E0FFE741F29472C2F2A8
:10E820000002012182F877100020A2F87A0082F815
:10E83000731082F8711040F22011C2F20001487189
:10E84000FFE74BE04AE049E041F29470C2F2000079
:10E8500090F88C00B0B9FFE740F25501C2F2000118
:10E860000820087041F29472C2F20002002082F87F
:10E870007300012182F8711040F22011C2F20001F0
:10E880004871FFE72AE029E040F60540C2F20000A7
:10E890000078C007B8B9FFE741F29471C2F20001F5
:10E8A00091F88C00B0FA80F0400981F88C0040F2B9
:10E8B0002011C2F200010120487140F60541C2F268
:10E8C00000010870FFE709E040F60541C2F20001CF
:10E8D0000020087002E001E000E0FFE741F29470E0
:10E8E000C2F2000090F86B00A8B3FFE79DF80F009C
:10E8F00040BBFFE741F29471C2F20001002081F8B1
:10E90000730040F29010C2F200000168013901600A
:10E910000068002815DCFFE740F29011C2F2000108
:10E9200040F6B830086041F29471C2F20001002054
:10E9300081F86B0081F8710048664FF6FF704881DE
:10E94000FFE707E040F29011C2F2000140F6B83054
:10E950000860FFE7FFE704B07047000080B584B0AF
:10E9600041F68610C2F20000008841F29471C2F2B2
:10E970000001098E884208D1FFE741F68410C2F2F7
:10E9800000000078002860D1FFE741F29470C2F2E5
:10E990000000018E41F68612C2F200021180008E44
:10E9A000B0F5FA7F0DDAFFE741F20000C4F2010092
:10E9B00003900421FDF786F903980221FDF78CF9F5
:10E9C0003BE041F29470C2F20000008EB0F5AF6FF0
:10E9D0000DDAFFE741F20000C4F2010002900421C9
:10E9E000FDF77AF902980221FDF776F924E041F269
:10E9F0009470C2F20000008E40F6330188420DDCB4
:10EA0000FFE741F20000C4F2010001900421FDF78C
:10EA100059F901980221FDF755F90CE041F2000087
:10EA2000C4F2010000900421FDF756F9009802217C
:10EA3000FDF748F9FFE7FFE7FFE741F29471C2F203
:10EA40000001012081F89200FFE704B080BD0000C2
:10EA500043F20001C4F200014AF6AA2008607047A0
:10EA600081B08DF803009DF8032043F20401C4F245
:10EA70000001086862F30200086001B070470000FE
:10EA800081B08DF803009DF8030038B9FFE743F229
:10EA90000001C4F200010020086007E043F2000119
:10EAA000C4F2000145F255500860FFE701B070471D
:10EAB00081B0ADF80200BDF8020043F20801C4F2D3
:10EAC0000001086001B0704780B588B006A80090CA
:10EAD000FDF70CF9009903208DF81E0040200690E8
:10EAE00040F60000C4F20100FDF714F90120039084
:10EAF000F9F7F2FD00200290F8F7C0FC05A801909C
:10EB0000F8F772FC0199029A03988DF814208DF899
:10EB100015008DF816208DF8170042F20040C4F25F
:10EB200001000490F8F72EFC039A049806210523AF
:10EB3000F8F7F2FC039A04980721F8F7A7FD029969
:10EB40000498F8F7DDFD03990498F8F7ABFC0399F6
:10EB50000498F8F7B9FC0498F8F754FCFFE742F280
:10EB60000040C4F20100F8F757FC08B1FFE7F6E7F0
:10EB700042F20040C4F20100F8F762FCFFE742F203
:10EB80000040C4F20100F8F765FC08B1FFE7F6E7C2
:10EB900042F20040C4F201000121F8F7C3FD08B0C1
:10EBA00080BD000080B58EB00CA80490FDF79EF8E3
:10EBB0000499032002908DF83600012009900C90F2
:10EBC00041F20000C4F201000190FDF7A3F80298A1
:10EBD00004998DF8360080200C9040F60000C4F2B5
:10EBE0000100FDF797F80198029A04998DF83620F4
:10EBF00010220C92FDF78EF80198029A04998DF874
:10EC0000362020220C92FDF785F8029A0499099883
:10EC10008DF836200C9040F60040C4F201000390BD
:10EC2000FDF778F8029A039804998DF836200222AD
:10EC300006920C92FDF76EF80998F9F74DFD0BA8B6
:10EC40000590F8F7D1FB05990998002208928DF8F4
:10EC50002C208DF82D208DF82E208DF82F0042F6D7
:10EC60000000C4F201000A90F8F78CFB069B099A99
:10EC70000A9807210791F8F74FFC0799099A0A9813
:10EC8000F8F704FD08990A98F8F73AFD09990A98E7
:10EC9000F8F71AFC0A98F8F7B5FBFFE742F6000010
:10ECA000C4F20100F8F7B8FB08B1FFE7F6E742F657
:10ECB0000000C4F20100F8F7C3FBFFE742F60000D2
:10ECC000C4F20100F8F7C6FB08B1FFE7F6E70EB0A3
:10ECD00080BD000080B582B04FF0FF30F9F7ACFC8A
:10ECE00000200190F9F7B2FC41F6B750C0F2C140E4
:10ECF000F9F7C0FC0198F9F7C7FC0198F9F7D8FCBF
:10ED0000F9F790FC02B080BD80B58AB008A80490E5
:10ED1000FCF7ECFF049910200890032001908DF877
:10ED20002600042002908DF8250040F60000C4F271
:10ED300001000390FCF7EEFF019B029A03980499EF
:10ED40004FF0200CCDF820C08DF826308DF825200E
:10ED5000FCF7E0FF0120079000210591FAF71CFC69
:10ED600005990798FAF77AFA07990846FAF748FAE0
:10ED7000059902200690FAF70FFC05990698FAF714
:10ED80006DFA06980799FAF73BFA0AB080BD0000C1
:10ED900080B540F20230C3F210000121FDF776F891
:10EDA00080BD000080B588B00820C4F20200009049
:10EDB000FAF71EFE03A80190FAF70EFD00980199DC
:10EDC0000023ADF81430012202928DF81B208DF83B
:10EDD00019208DF81A208DF8183002238DF81D3077
:10EDE0008DF81C20FAF7A4FD029A0020C4F202005C
:10EDF0001146FAF70BFD08B080BD000084B0039007
:10EE000002910192ADF80230BDF80200039948600A
:10EE100002980399886001980399C86004B070470C
:10EE200010B58EB00CA80B90FCF760FF0B9900207A
:10EE300004908DF836004DF6C0400C9018200090DC
:10EE40008DF8350041F20000C4F201000790FCF794
:10EE500061FF0098049A0B998DF8362048F20E1243
:10EE60000C928DF8350040F60000C4F201000290CB
:10EE7000FCF750FF0098049A0B998DF836204EF657
:10EE800004420C928DF8350040F60040C4F20100B7
:10EE90000A90FCF73FFF0098049A0B998DF83620F2
:10EEA000042209920C928DF8350041F20040C4F220
:10EEB0000100FCF72FFF079840F20631FCF702FF34
:10EEC000029841F601010191FCF7FCFE0A984FF40B
:10EED00090510391FCF7F6FE049B0798099A0B9951
:10EEE000022405948DF837408DF8343010230693B2
:10EEF0008DF836304FF483730C938DF83520FCF782
:10EF000009FF019B0298DDF818C0099A0B99DDF8FA
:10EF100010E08DF837408DF834E08DF836C00C9352
:10EF20008DF83520FCF7F6FE039BDDF818C0099A32
:10EF30000A980B99DDF810E08DF837408DF834E031
:10EF40008DF836C00C938DF83520FCF7E3FEDDF824
:10EF500014C0069B0798099A0B998DF837C08DF855
:10EF600034208DF836304FF400730C938DF8352033
:10EF7000FCF7D0FE0798099A0B99032308938DF8A4
:10EF8000363042F208030C938DF83520FCF7C2FEB0
:10EF9000089B099A0A980B998DF836304FF4BC7388
:10EFA0000C938DF83520FCF7B5FE0EB010BD0000B7
:10EFB00080B582B00320FDF7EBFCF8F755F900228D
:10EFC00001921146F7F74EF801466FF00B00F8F783
:10EFD0005BF9F8F749F9019A1146F7F743F801464A
:10EFE0006FF00A00F8F750F9F8F73EF9019A114668
:10EFF000F7F738F801466FF00900F8F745F9F8F728
:10F0000033F9019A1146F7F72DF801466FF0040025
:10F01000F8F73AF9F8F728F9019A1146F7F722F8C4
:10F0200001466FF00300F8F72FF9F8F71DF9019A80
:10F030001146F7F717F801466FF00100F8F724F9C9
:10F04000F8F712F9019A0F21F7F70CF801464FF083
:10F05000FF30F8F719F9019A19200121FDF77EFC1C
:10F06000019A25201146FDF779FC02B080BD000011
:10F0700080B582B04FF4A01001210191F9F734FD61
:10F0800001990620C0F21400F9F72EFD01994FF402
:10F09000C010F9F729FD01990220C0F21800F9F714
:10F0A00023FD01990320C0F21800F9F71DFD019915
:10F0B0000420C0F21800F9F717FD01990520C0F2ED
:10F0C0001800F9F711FD01990920C0F21800F9F7AD
:10F0D0000BFD01990A20C0F21800F9F705FD01990E
:10F0E0000B20C0F21800F9F7FFFC01990E20C0F2C6
:10F0F0001800F9F7F9FC01990220C0F21C00F9F799
:10F10000F3FC01991D20C0F21C00F9F7EDFC02B0E0
:10F1100080BD000080B582B0F9F76EFD04200121AA
:10F12000F9F74CFBFFE70120C0F22400F9F78AFC55
:10F13000012801D0FFE7F6E701210846F9F73EFB79
:10F14000FFE7F9F79FFC08B9FFE7FAE70020012184
:10F15000F9F734FBFFE70120F9F774FC012801D02F
:10F16000FFE7F8E71821012201921046F9F7E6FCC3
:10F1700001990220F9F722FBFFE71920F9F762FC59
:10F18000012801D0FFE7F8E70020F9F7BFFA0420D3
:10F190000090F9F7E3FA0098F9F7CCFA0120F9F7B3
:10F1A000F1FA0220F9F76EFDFFE7F9F78FFD02286B
:10F1B00001D0FFE7F9E70020F9F7E4FAFDF772FF65
:10F1C00002B080BD80B500F001F880BD41F620118D
:10F1D000C2F20001086801300860704780B588B04D
:10F1E00000200190029003A8F9F73CFB04980290DC
:10F1F0000420FEF727F80198029944F6D352C1F291
:10F200006202A1FB02124FF0FF3101EB92114EF2AC
:10F210001402CEF2000211604EF21801CEF200018B
:10F2200008604EF21001CEF20001086840F00300C1
:10F23000086008B080BD000080B584B042F6004090
:10F24000C4F20100029000210191FEF74DF90199ED
:10F250000298FEF737F901990298FEF76FFB0199C2
:10F260000298FEF747FB019A0298C721FEF7EEF8D5
:10F2700001990298FEF770FB01990298FEF74CFB8A
:10F28000029801210391FEF741F90298039A114671
:10F29000FEF754F904B080BD80B58AB008A801908B
:10F2A000FCF724FD01998020089008208DF82600A5
:10F2B000002003908DF8240004208DF82500022002
:10F2C00002908DF8270040F60040C4F20100FCF7E0
:10F2D00021FD039940F60000C4F200000490FEF7FF
:10F2E00003F903990498FEF7EDF803990498FEF7E3
:10F2F00001FB039A049841F2DF51FEF7A7F8039946
:10F300000498FEF729FB03990498FEF705FB029980
:10F31000039A049806238DF81930012305938DF87C
:10F320001E308DF81F208DF81C208DF81D208DF8C3
:10F330001A208DF81B200DF11902FEF785F90299AC
:10F34000039A0498FEF794F80299039A0498FEF73A
:10F3500031F90299039A0498FEF782FA0498059904
:10F36000FEF7D4F80AB080BD80B58AB008A8049032
:10F37000FCF7BCFC0499022001908DF827000020C6
:10F3800005908DF8240008208DF826004FF40070B9
:10F390000890042002908DF8250040F60000C4F289
:10F3A00001000390FCF7B6FCDDF804C0029A039854
:10F3B0000499059B8DF827C08DF824308DF82630F0
:10F3C0004FF4806308938DF82520FCF7A3FC059B80
:10F3D00043F60000C4F2010006904FF4E1311A46F2
:10F3E000FEF72CFE069801210791FFF711F8069809
:10F3F0000799FEF771FF05990698FEF7C3FE059978
:10F400000698FEF7D3FD0698079A0521C0F20C0175
:10F41000FEF794FE0698079A0621C0F20C01FEF74B
:10F420008DFE06980799FEF785FD0AB080BD0000A5
:10F4300080B50120FFF724FB0020FFF711FB40F609
:10F44000FF70FFF735FBFFF703FB80BD80B5FFF7CB
:10F4500085FAF5F761FEFDF725FBF6F71DFDF5F7DB
:10F46000FDFC80BD80B5FFF7F1FF80BD02E008C85C
:10F47000121F08C1002AFAD170477047002001E02E
:10F4800001C1121F002AFBD17047000001000101D9
:10F4900040000000400C002040100020C010002060
:10F4A0000000000002040608020C08100000000022
:10F4B0000102030400000000010203040000000038
:10F4C0000000000001020304060708096265657078
:10F4D000000000000000000000010203040607080D
:10F4E0000900000040F5000800000020C0010000F5
:10F4F0009048000800F60008C0010020C81B00006A
:10F500007CF40008717EFFFF000000000000000096
:10F5100000000000000000000000000000000000EB
:10F5200000000000000000000000000000000000DB
:10F5300000000000000000000000000000000000CB
:10F5400023B80B1201226413127A320A32FA2914F8
:10F5500011450801400819085A040822021B040535
:10F56000221A3202C20FA201293C2309093A961835
:10F570003B02033C19388132321341BA395B6910BE
:10F58000DA7110DAA110DAD110CB09AC10CB95BC2E
:10F5900010CB61BB10CBF5AD10CB25AE10DA01302E
:10F5A0001A311029D329041BCCF41C19F913617AE0
:10F5B0001B084D043013F514D95D3C6DED54FD7DF1
:10F5C0008808E19DE9E8BCF4ACFF7F470433B80B41
:10F5D0003C0C014056290829FE2510014040130427
:10F5E000051AFA641296C20F296971393C012B0081
:10F5F000000000000000000000000000000000000B
:040000050800418529
:00000001FF
